filename,subject_id,study,walk_id,label,label_name,embedding_dim
GaCo01_01.txt,GaCo01,Ga,01,0,Healthy Control (HC),128
GaCo02_01.txt,GaCo02,Ga,01,0,Healthy Control (HC),128
GaCo02_02.txt,GaCo02,Ga,02,0,Healthy Control (HC),128
GaCo03_01.txt,GaCo03,Ga,01,0,Healthy Control (HC),128
GaCo03_02.txt,GaCo03,Ga,02,0,Healthy Control (HC),128
GaCo04_01.txt,GaCo04,Ga,01,0,Healthy Control (HC),128
GaCo04_02.txt,GaCo04,Ga,02,0,Healthy Control (HC),128
GaCo05_01.txt,GaCo05,Ga,01,0,Healthy Control (HC),128
GaCo05_02.txt,GaCo05,Ga,02,0,Healthy Control (HC),128
GaCo06_01.txt,GaCo06,Ga,01,0,Healthy Control (HC),128
GaCo06_02.txt,GaCo06,Ga,02,0,Healthy Control (HC),128
GaCo07_01.txt,GaCo07,Ga,01,0,Healthy Control (HC),128
GaCo07_02.txt,GaCo07,Ga,02,0,Healthy Control (HC),128
GaCo08_01.txt,GaCo08,Ga,01,0,Healthy Control (HC),128
GaCo08_02.txt,GaCo08,Ga,02,0,Healthy Control (HC),128
GaCo09_01.txt,GaCo09,Ga,01,0,Healthy Control (HC),128
GaCo09_02.txt,GaCo09,Ga,02,0,Healthy Control (HC),128
GaCo10_01.txt,GaCo10,Ga,01,0,Healthy Control (HC),128
GaCo10_02.txt,GaCo10,Ga,02,0,Healthy Control (HC),128
GaCo11_01.txt,GaCo11,Ga,01,0,Healthy Control (HC),128
GaCo12_01.txt,GaCo12,Ga,01,0,Healthy Control (HC),128
GaCo13_01.txt,GaCo13,Ga,01,0,Healthy Control (HC),128
GaCo13_02.txt,GaCo13,Ga,02,0,Healthy Control (HC),128
GaCo13_10.txt,GaCo13,Ga,10,0,Healthy Control (HC),128
GaCo14_01.txt,GaCo14,Ga,01,0,Healthy Control (HC),128
GaCo14_02.txt,GaCo14,Ga,02,0,Healthy Control (HC),128
GaCo14_10.txt,GaCo14,Ga,10,0,Healthy Control (HC),128
GaCo15_01.txt,GaCo15,Ga,01,0,Healthy Control (HC),128
GaCo15_02.txt,GaCo15,Ga,02,0,Healthy Control (HC),128
GaCo15_10.txt,GaCo15,Ga,10,0,Healthy Control (HC),128
GaCo16_01.txt,GaCo16,Ga,01,0,Healthy Control (HC),128
GaCo16_02.txt,GaCo16,Ga,02,0,Healthy Control (HC),128
GaCo16_10.txt,GaCo16,Ga,10,0,Healthy Control (HC),128
GaCo17_01.txt,GaCo17,Ga,01,0,Healthy Control (HC),128
GaCo17_02.txt,GaCo17,Ga,02,0,Healthy Control (HC),128
GaCo17_10.txt,GaCo17,Ga,10,0,Healthy Control (HC),128
GaCo22_01.txt,GaCo22,Ga,01,0,Healthy Control (HC),128
GaCo22_10.txt,GaCo22,Ga,10,0,Healthy Control (HC),128
GaPt03_01.txt,GaPt03,Ga,01,1,Parkinson's Disease (PD),128
GaPt04_01.txt,GaPt04,Ga,01,1,Parkinson's Disease (PD),128
GaPt05_01.txt,GaPt05,Ga,01,1,Parkinson's Disease (PD),128
GaPt06_01.txt,GaPt06,Ga,01,1,Parkinson's Disease (PD),128
GaPt07_01.txt,GaPt07,Ga,01,1,Parkinson's Disease (PD),128
GaPt07_02.txt,GaPt07,Ga,02,1,Parkinson's Disease (PD),128
GaPt08_01.txt,GaPt08,Ga,01,1,Parkinson's Disease (PD),128
GaPt08_02.txt,GaPt08,Ga,02,1,Parkinson's Disease (PD),128
GaPt09_01.txt,GaPt09,Ga,01,1,Parkinson's Disease (PD),128
GaPt09_02.txt,GaPt09,Ga,02,1,Parkinson's Disease (PD),128
GaPt12_01.txt,GaPt12,Ga,01,1,Parkinson's Disease (PD),128
GaPt12_02.txt,GaPt12,Ga,02,1,Parkinson's Disease (PD),128
GaPt13_01.txt,GaPt13,Ga,01,1,Parkinson's Disease (PD),128
GaPt13_02.txt,GaPt13,Ga,02,1,Parkinson's Disease (PD),128
GaPt13_10.txt,GaPt13,Ga,10,1,Parkinson's Disease (PD),128
GaPt14_01.txt,GaPt14,Ga,01,1,Parkinson's Disease (PD),128
GaPt14_02.txt,GaPt14,Ga,02,1,Parkinson's Disease (PD),128
GaPt14_10.txt,GaPt14,Ga,10,1,Parkinson's Disease (PD),128
GaPt15_01.txt,GaPt15,Ga,01,1,Parkinson's Disease (PD),128
GaPt15_02.txt,GaPt15,Ga,02,1,Parkinson's Disease (PD),128
GaPt15_10.txt,GaPt15,Ga,10,1,Parkinson's Disease (PD),128
GaPt16_01.txt,GaPt16,Ga,01,1,Parkinson's Disease (PD),128
GaPt16_02.txt,GaPt16,Ga,02,1,Parkinson's Disease (PD),128
GaPt16_10.txt,GaPt16,Ga,10,1,Parkinson's Disease (PD),128
GaPt17_01.txt,GaPt17,Ga,01,1,Parkinson's Disease (PD),128
GaPt17_02.txt,GaPt17,Ga,02,1,Parkinson's Disease (PD),128
GaPt17_10.txt,GaPt17,Ga,10,1,Parkinson's Disease (PD),128
GaPt18_01.txt,GaPt18,Ga,01,1,Parkinson's Disease (PD),128
GaPt18_02.txt,GaPt18,Ga,02,1,Parkinson's Disease (PD),128
GaPt18_10.txt,GaPt18,Ga,10,1,Parkinson's Disease (PD),128
GaPt19_01.txt,GaPt19,Ga,01,1,Parkinson's Disease (PD),128
GaPt19_02.txt,GaPt19,Ga,02,1,Parkinson's Disease (PD),128
GaPt19_10.txt,GaPt19,Ga,10,1,Parkinson's Disease (PD),128
GaPt20_01.txt,GaPt20,Ga,01,1,Parkinson's Disease (PD),128
GaPt20_02.txt,GaPt20,Ga,02,1,Parkinson's Disease (PD),128
GaPt20_10.txt,GaPt20,Ga,10,1,Parkinson's Disease (PD),128
GaPt21_01.txt,GaPt21,Ga,01,1,Parkinson's Disease (PD),128
GaPt21_02.txt,GaPt21,Ga,02,1,Parkinson's Disease (PD),128
GaPt21_10.txt,GaPt21,Ga,10,1,Parkinson's Disease (PD),128
GaPt22_01.txt,GaPt22,Ga,01,1,Parkinson's Disease (PD),128
GaPt22_02.txt,GaPt22,Ga,02,1,Parkinson's Disease (PD),128
GaPt22_10.txt,GaPt22,Ga,10,1,Parkinson's Disease (PD),128
GaPt23_01.txt,GaPt23,Ga,01,1,Parkinson's Disease (PD),128
GaPt23_02.txt,GaPt23,Ga,02,1,Parkinson's Disease (PD),128
GaPt23_10.txt,GaPt23,Ga,10,1,Parkinson's Disease (PD),128
GaPt24_01.txt,GaPt24,Ga,01,1,Parkinson's Disease (PD),128
GaPt24_02.txt,GaPt24,Ga,02,1,Parkinson's Disease (PD),128
GaPt24_10.txt,GaPt24,Ga,10,1,Parkinson's Disease (PD),128
GaPt25_01.txt,GaPt25,Ga,01,1,Parkinson's Disease (PD),128
GaPt25_02.txt,GaPt25,Ga,02,1,Parkinson's Disease (PD),128
GaPt25_10.txt,GaPt25,Ga,10,1,Parkinson's Disease (PD),128
GaPt26_01.txt,GaPt26,Ga,01,1,Parkinson's Disease (PD),128
GaPt26_02.txt,GaPt26,Ga,02,1,Parkinson's Disease (PD),128
GaPt26_10.txt,GaPt26,Ga,10,1,Parkinson's Disease (PD),128
GaPt27_01.txt,GaPt27,Ga,01,1,Parkinson's Disease (PD),128
GaPt27_02.txt,GaPt27,Ga,02,1,Parkinson's Disease (PD),128
GaPt27_10.txt,GaPt27,Ga,10,1,Parkinson's Disease (PD),128
GaPt28_01.txt,GaPt28,Ga,01,1,Parkinson's Disease (PD),128
GaPt28_02.txt,GaPt28,Ga,02,1,Parkinson's Disease (PD),128
GaPt28_10.txt,GaPt28,Ga,10,1,Parkinson's Disease (PD),128
GaPt29_01.txt,GaPt29,Ga,01,1,Parkinson's Disease (PD),128
GaPt29_02.txt,GaPt29,Ga,02,1,Parkinson's Disease (PD),128
GaPt29_10.txt,GaPt29,Ga,10,1,Parkinson's Disease (PD),128
GaPt30_01.txt,GaPt30,Ga,01,1,Parkinson's Disease (PD),128
GaPt30_02.txt,GaPt30,Ga,02,1,Parkinson's Disease (PD),128
GaPt30_10.txt,GaPt30,Ga,10,1,Parkinson's Disease (PD),128
GaPt31_01.txt,GaPt31,Ga,01,1,Parkinson's Disease (PD),128
GaPt31_02.txt,GaPt31,Ga,02,1,Parkinson's Disease (PD),128
GaPt31_10.txt,GaPt31,Ga,10,1,Parkinson's Disease (PD),128
GaPt32_01.txt,GaPt32,Ga,01,1,Parkinson's Disease (PD),128
GaPt32_02.txt,GaPt32,Ga,02,1,Parkinson's Disease (PD),128
GaPt32_10.txt,GaPt32,Ga,10,1,Parkinson's Disease (PD),128
GaPt33_01.txt,GaPt33,Ga,01,1,Parkinson's Disease (PD),128
GaPt33_02.txt,GaPt33,Ga,02,1,Parkinson's Disease (PD),128
GaPt33_10.txt,GaPt33,Ga,10,1,Parkinson's Disease (PD),128
JuCo01_01.txt,JuCo01,Ju,01,0,Healthy Control (HC),128
JuCo02_01.txt,JuCo02,Ju,01,0,Healthy Control (HC),128
JuCo03_01.txt,JuCo03,Ju,01,0,Healthy Control (HC),128
JuCo04_01.txt,JuCo04,Ju,01,0,Healthy Control (HC),128
JuCo05_01.txt,JuCo05,Ju,01,0,Healthy Control (HC),128
JuCo06_01.txt,JuCo06,Ju,01,0,Healthy Control (HC),128
JuCo07_01.txt,JuCo07,Ju,01,0,Healthy Control (HC),128
JuCo08_01.txt,JuCo08,Ju,01,0,Healthy Control (HC),128
JuCo09_01.txt,JuCo09,Ju,01,0,Healthy Control (HC),128
JuCo11_01.txt,JuCo11,Ju,01,0,Healthy Control (HC),128
JuCo12_01.txt,JuCo12,Ju,01,0,Healthy Control (HC),128
JuCo13_01.txt,JuCo13,Ju,01,0,Healthy Control (HC),128
JuCo14_01.txt,JuCo14,Ju,01,0,Healthy Control (HC),128
JuCo15_01.txt,JuCo15,Ju,01,0,Healthy Control (HC),128
JuCo16_01.txt,JuCo16,Ju,01,0,Healthy Control (HC),128
JuCo17_01.txt,JuCo17,Ju,01,0,Healthy Control (HC),128
JuCo18_01.txt,JuCo18,Ju,01,0,Healthy Control (HC),128
JuCo19_01.txt,JuCo19,Ju,01,0,Healthy Control (HC),128
JuCo20_01.txt,JuCo20,Ju,01,0,Healthy Control (HC),128
JuCo21_01.txt,JuCo21,Ju,01,0,Healthy Control (HC),128
JuCo22_01.txt,JuCo22,Ju,01,0,Healthy Control (HC),128
JuCo23_01.txt,JuCo23,Ju,01,0,Healthy Control (HC),128
JuCo24_01.txt,JuCo24,Ju,01,0,Healthy Control (HC),128
JuCo25_01.txt,JuCo25,Ju,01,0,Healthy Control (HC),128
JuCo26_01.txt,JuCo26,Ju,01,0,Healthy Control (HC),128
JuPt01_01.txt,JuPt01,Ju,01,1,Parkinson's Disease (PD),128
JuPt01_02.txt,JuPt01,Ju,02,1,Parkinson's Disease (PD),128
JuPt01_03.txt,JuPt01,Ju,03,1,Parkinson's Disease (PD),128
JuPt01_04.txt,JuPt01,Ju,04,1,Parkinson's Disease (PD),128
JuPt01_05.txt,JuPt01,Ju,05,1,Parkinson's Disease (PD),128
JuPt01_06.txt,JuPt01,Ju,06,1,Parkinson's Disease (PD),128
JuPt02_01.txt,JuPt02,Ju,01,1,Parkinson's Disease (PD),128
JuPt03_01.txt,JuPt03,Ju,01,1,Parkinson's Disease (PD),128
JuPt03_02.txt,JuPt03,Ju,02,1,Parkinson's Disease (PD),128
JuPt03_03.txt,JuPt03,Ju,03,1,Parkinson's Disease (PD),128
JuPt03_04.txt,JuPt03,Ju,04,1,Parkinson's Disease (PD),128
JuPt03_05.txt,JuPt03,Ju,05,1,Parkinson's Disease (PD),128
JuPt03_06.txt,JuPt03,Ju,06,1,Parkinson's Disease (PD),128
JuPt03_07.txt,JuPt03,Ju,07,1,Parkinson's Disease (PD),128
JuPt04_01.txt,JuPt04,Ju,01,1,Parkinson's Disease (PD),128
JuPt05_01.txt,JuPt05,Ju,01,1,Parkinson's Disease (PD),128
JuPt06_01.txt,JuPt06,Ju,01,1,Parkinson's Disease (PD),128
JuPt06_02.txt,JuPt06,Ju,02,1,Parkinson's Disease (PD),128
JuPt06_03.txt,JuPt06,Ju,03,1,Parkinson's Disease (PD),128
JuPt06_04.txt,JuPt06,Ju,04,1,Parkinson's Disease (PD),128
JuPt06_05.txt,JuPt06,Ju,05,1,Parkinson's Disease (PD),128
JuPt06_06.txt,JuPt06,Ju,06,1,Parkinson's Disease (PD),128
JuPt06_07.txt,JuPt06,Ju,07,1,Parkinson's Disease (PD),128
JuPt07_01.txt,JuPt07,Ju,01,1,Parkinson's Disease (PD),128
JuPt08_01.txt,JuPt08,Ju,01,1,Parkinson's Disease (PD),128
JuPt09_01.txt,JuPt09,Ju,01,1,Parkinson's Disease (PD),128
JuPt09_02.txt,JuPt09,Ju,02,1,Parkinson's Disease (PD),128
JuPt09_03.txt,JuPt09,Ju,03,1,Parkinson's Disease (PD),128
JuPt09_04.txt,JuPt09,Ju,04,1,Parkinson's Disease (PD),128
JuPt09_05.txt,JuPt09,Ju,05,1,Parkinson's Disease (PD),128
JuPt10_01.txt,JuPt10,Ju,01,1,Parkinson's Disease (PD),128
JuPt10_02.txt,JuPt10,Ju,02,1,Parkinson's Disease (PD),128
JuPt10_03.txt,JuPt10,Ju,03,1,Parkinson's Disease (PD),128
JuPt10_04.txt,JuPt10,Ju,04,1,Parkinson's Disease (PD),128
JuPt10_05.txt,JuPt10,Ju,05,1,Parkinson's Disease (PD),128
JuPt10_06.txt,JuPt10,Ju,06,1,Parkinson's Disease (PD),128
JuPt10_07.txt,JuPt10,Ju,07,1,Parkinson's Disease (PD),128
JuPt11_01.txt,JuPt11,Ju,01,1,Parkinson's Disease (PD),128
JuPt11_02.txt,JuPt11,Ju,02,1,Parkinson's Disease (PD),128
JuPt11_03.txt,JuPt11,Ju,03,1,Parkinson's Disease (PD),128
JuPt11_04.txt,JuPt11,Ju,04,1,Parkinson's Disease (PD),128
JuPt11_05.txt,JuPt11,Ju,05,1,Parkinson's Disease (PD),128
JuPt11_06.txt,JuPt11,Ju,06,1,Parkinson's Disease (PD),128
JuPt11_07.txt,JuPt11,Ju,07,1,Parkinson's Disease (PD),128
JuPt12_01.txt,JuPt12,Ju,01,1,Parkinson's Disease (PD),128
JuPt13_01.txt,JuPt13,Ju,01,1,Parkinson's Disease (PD),128
JuPt14_01.txt,JuPt14,Ju,01,1,Parkinson's Disease (PD),128
JuPt15_01.txt,JuPt15,Ju,01,1,Parkinson's Disease (PD),128
JuPt15_02.txt,JuPt15,Ju,02,1,Parkinson's Disease (PD),128
JuPt15_03.txt,JuPt15,Ju,03,1,Parkinson's Disease (PD),128
JuPt15_04.txt,JuPt15,Ju,04,1,Parkinson's Disease (PD),128
JuPt15_05.txt,JuPt15,Ju,05,1,Parkinson's Disease (PD),128
JuPt15_06.txt,JuPt15,Ju,06,1,Parkinson's Disease (PD),128
JuPt15_07.txt,JuPt15,Ju,07,1,Parkinson's Disease (PD),128
JuPt16_01.txt,JuPt16,Ju,01,1,Parkinson's Disease (PD),128
JuPt17_01.txt,JuPt17,Ju,01,1,Parkinson's Disease (PD),128
JuPt18_01.txt,JuPt18,Ju,01,1,Parkinson's Disease (PD),128
JuPt19_01.txt,JuPt19,Ju,01,1,Parkinson's Disease (PD),128
JuPt20_01.txt,JuPt20,Ju,01,1,Parkinson's Disease (PD),128
JuPt20_02.txt,JuPt20,Ju,02,1,Parkinson's Disease (PD),128
JuPt20_03.txt,JuPt20,Ju,03,1,Parkinson's Disease (PD),128
JuPt20_04.txt,JuPt20,Ju,04,1,Parkinson's Disease (PD),128
JuPt20_05.txt,JuPt20,Ju,05,1,Parkinson's Disease (PD),128
JuPt20_06.txt,JuPt20,Ju,06,1,Parkinson's Disease (PD),128
JuPt20_07.txt,JuPt20,Ju,07,1,Parkinson's Disease (PD),128
JuPt21_01.txt,JuPt21,Ju,01,1,Parkinson's Disease (PD),128
JuPt21_02.txt,JuPt21,Ju,02,1,Parkinson's Disease (PD),128
JuPt21_03.txt,JuPt21,Ju,03,1,Parkinson's Disease (PD),128
JuPt21_04.txt,JuPt21,Ju,04,1,Parkinson's Disease (PD),128
JuPt21_05.txt,JuPt21,Ju,05,1,Parkinson's Disease (PD),128
JuPt21_06.txt,JuPt21,Ju,06,1,Parkinson's Disease (PD),128
JuPt21_07.txt,JuPt21,Ju,07,1,Parkinson's Disease (PD),128
JuPt22_01.txt,JuPt22,Ju,01,1,Parkinson's Disease (PD),128
JuPt23_01.txt,JuPt23,Ju,01,1,Parkinson's Disease (PD),128
JuPt23_02.txt,JuPt23,Ju,02,1,Parkinson's Disease (PD),128
JuPt23_03.txt,JuPt23,Ju,03,1,Parkinson's Disease (PD),128
JuPt23_04.txt,JuPt23,Ju,04,1,Parkinson's Disease (PD),128
JuPt23_05.txt,JuPt23,Ju,05,1,Parkinson's Disease (PD),128
JuPt23_06.txt,JuPt23,Ju,06,1,Parkinson's Disease (PD),128
JuPt23_07.txt,JuPt23,Ju,07,1,Parkinson's Disease (PD),128
JuPt24_01.txt,JuPt24,Ju,01,1,Parkinson's Disease (PD),128
JuPt24_02.txt,JuPt24,Ju,02,1,Parkinson's Disease (PD),128
JuPt25_01.txt,JuPt25,Ju,01,1,Parkinson's Disease (PD),128
JuPt26_01.txt,JuPt26,Ju,01,1,Parkinson's Disease (PD),128
JuPt26_03.txt,JuPt26,Ju,03,1,Parkinson's Disease (PD),128
JuPt26_04.txt,JuPt26,Ju,04,1,Parkinson's Disease (PD),128
JuPt26_05.txt,JuPt26,Ju,05,1,Parkinson's Disease (PD),128
JuPt26_06.txt,JuPt26,Ju,06,1,Parkinson's Disease (PD),128
JuPt26_07.txt,JuPt26,Ju,07,1,Parkinson's Disease (PD),128
JuPt27_01.txt,JuPt27,Ju,01,1,Parkinson's Disease (PD),128
JuPt28_01.txt,JuPt28,Ju,01,1,Parkinson's Disease (PD),128
JuPt28_02.txt,JuPt28,Ju,02,1,Parkinson's Disease (PD),128
JuPt28_03.txt,JuPt28,Ju,03,1,Parkinson's Disease (PD),128
JuPt28_04.txt,JuPt28,Ju,04,1,Parkinson's Disease (PD),128
JuPt28_05.txt,JuPt28,Ju,05,1,Parkinson's Disease (PD),128
JuPt28_06.txt,JuPt28,Ju,06,1,Parkinson's Disease (PD),128
JuPt28_07.txt,JuPt28,Ju,07,1,Parkinson's Disease (PD),128
JuPt29_01.txt,JuPt29,Ju,01,1,Parkinson's Disease (PD),128
JuPt29_02.txt,JuPt29,Ju,02,1,Parkinson's Disease (PD),128
JuPt29_03.txt,JuPt29,Ju,03,1,Parkinson's Disease (PD),128
JuPt29_04.txt,JuPt29,Ju,04,1,Parkinson's Disease (PD),128
JuPt29_05.txt,JuPt29,Ju,05,1,Parkinson's Disease (PD),128
JuPt29_06.txt,JuPt29,Ju,06,1,Parkinson's Disease (PD),128
JuPt29_07.txt,JuPt29,Ju,07,1,Parkinson's Disease (PD),128
SiCo01_01.txt,SiCo01,Si,01,0,Healthy Control (HC),128
SiCo03_01.txt,SiCo03,Si,01,0,Healthy Control (HC),128
SiCo04_01.txt,SiCo04,Si,01,0,Healthy Control (HC),128
SiCo05_01.txt,SiCo05,Si,01,0,Healthy Control (HC),128
SiCo06_01.txt,SiCo06,Si,01,0,Healthy Control (HC),128
SiCo07_01.txt,SiCo07,Si,01,0,Healthy Control (HC),128
SiCo08_01.txt,SiCo08,Si,01,0,Healthy Control (HC),128
SiCo09_01.txt,SiCo09,Si,01,0,Healthy Control (HC),128
SiCo10_01.txt,SiCo10,Si,01,0,Healthy Control (HC),128
SiCo11_01.txt,SiCo11,Si,01,0,Healthy Control (HC),128
SiCo12_01.txt,SiCo12,Si,01,0,Healthy Control (HC),128
SiCo13_01.txt,SiCo13,Si,01,0,Healthy Control (HC),128
SiCo14_01.txt,SiCo14,Si,01,0,Healthy Control (HC),128
SiCo15_01.txt,SiCo15,Si,01,0,Healthy Control (HC),128
SiCo16_01.txt,SiCo16,Si,01,0,Healthy Control (HC),128
SiCo17_01.txt,SiCo17,Si,01,0,Healthy Control (HC),128
SiCo18_01.txt,SiCo18,Si,01,0,Healthy Control (HC),128
SiCo19_01.txt,SiCo19,Si,01,0,Healthy Control (HC),128
SiCo20_01.txt,SiCo20,Si,01,0,Healthy Control (HC),128
SiCo21_01.txt,SiCo21,Si,01,0,Healthy Control (HC),128
SiCo22_01.txt,SiCo22,Si,01,0,Healthy Control (HC),128
SiCo23_01.txt,SiCo23,Si,01,0,Healthy Control (HC),128
SiCo24_01.txt,SiCo24,Si,01,0,Healthy Control (HC),128
SiCo25_01.txt,SiCo25,Si,01,0,Healthy Control (HC),128
SiCo26_01.txt,SiCo26,Si,01,0,Healthy Control (HC),128
SiCo27_01.txt,SiCo27,Si,01,0,Healthy Control (HC),128
SiCo28_01.txt,SiCo28,Si,01,0,Healthy Control (HC),128
SiCo29_01.txt,SiCo29,Si,01,0,Healthy Control (HC),128
SiCo30_01.txt,SiCo30,Si,01,0,Healthy Control (HC),128
SiPt02_01.txt,SiPt02,Si,01,1,Parkinson's Disease (PD),128
SiPt04_01.txt,SiPt04,Si,01,1,Parkinson's Disease (PD),128
SiPt05_01.txt,SiPt05,Si,01,1,Parkinson's Disease (PD),128
SiPt07_01.txt,SiPt07,Si,01,1,Parkinson's Disease (PD),128
SiPt08_01.txt,SiPt08,Si,01,1,Parkinson's Disease (PD),128
SiPt09_01.txt,SiPt09,Si,01,1,Parkinson's Disease (PD),128
SiPt10_01.txt,SiPt10,Si,01,1,Parkinson's Disease (PD),128
SiPt12_01.txt,SiPt12,Si,01,1,Parkinson's Disease (PD),128
SiPt13_01.txt,SiPt13,Si,01,1,Parkinson's Disease (PD),128
SiPt14_01.txt,SiPt14,Si,01,1,Parkinson's Disease (PD),128
SiPt15_01.txt,SiPt15,Si,01,1,Parkinson's Disease (PD),128
SiPt16_01.txt,SiPt16,Si,01,1,Parkinson's Disease (PD),128
SiPt17_01.txt,SiPt17,Si,01,1,Parkinson's Disease (PD),128
SiPt18_01.txt,SiPt18,Si,01,1,Parkinson's Disease (PD),128
SiPt19_01.txt,SiPt19,Si,01,1,Parkinson's Disease (PD),128
SiPt20_01.txt,SiPt20,Si,01,1,Parkinson's Disease (PD),128
SiPt21_01.txt,SiPt21,Si,01,1,Parkinson's Disease (PD),128
SiPt22_01.txt,SiPt22,Si,01,1,Parkinson's Disease (PD),128
SiPt23_01.txt,SiPt23,Si,01,1,Parkinson's Disease (PD),128
SiPt24_01.txt,SiPt24,Si,01,1,Parkinson's Disease (PD),128
SiPt25_01.txt,SiPt25,Si,01,1,Parkinson's Disease (PD),128
SiPt27_01.txt,SiPt27,Si,01,1,Parkinson's Disease (PD),128
SiPt28_01.txt,SiPt28,Si,01,1,Parkinson's Disease (PD),128
SiPt29_01.txt,SiPt29,Si,01,1,Parkinson's Disease (PD),128
SiPt30_01.txt,SiPt30,Si,01,1,Parkinson's Disease (PD),128
SiPt31_01.txt,SiPt31,Si,01,1,Parkinson's Disease (PD),128
SiPt32_01.txt,SiPt32,Si,01,1,Parkinson's Disease (PD),128
SiPt33_01.txt,SiPt33,Si,01,1,Parkinson's Disease (PD),128
SiPt34_01.txt,SiPt34,Si,01,1,Parkinson's Disease (PD),128
SiPt35_01.txt,SiPt35,Si,01,1,Parkinson's Disease (PD),128
SiPt36_01.txt,SiPt36,Si,01,1,Parkinson's Disease (PD),128
SiPt37_01.txt,SiPt37,Si,01,1,Parkinson's Disease (PD),128
SiPt38_01.txt,SiPt38,Si,01,1,Parkinson's Disease (PD),128
SiPt39_01.txt,SiPt39,Si,01,1,Parkinson's Disease (PD),128
SiPt40_01.txt,SiPt40,Si,01,1,Parkinson's Disease (PD),128
