experiment,train_cohorts,test_cohort,subject_id,study,true_label,softmax_P_HC,softmax_P_PD,temp_P_HC,temp_P_PD,softmax_probability,softmax_confidence,softmax_uncertainty,softmax_prediction,softmax_is_correct,temperature,temperature_probability,temperature_confidence,temperature_uncertainty,temperature_prediction,temperature_is_correct
Exp1_GaJu_to_Si,Ga_Ju,Si,SiCo01,Si,0,0.13385850629614046,0.8661414956053098,0.2581428947548072,0.7418571052451929,0.8661414956053098,0.8661414956053098,0.13385850439469016,1,0,1.8154156077172412,0.7418571052451929,0.7418571052451929,0.2581428947548071,1,0
Exp1_GaJu_to_Si,Ga_Ju,Si,SiCo03,Si,0,0.3531377436593175,0.6468622609972954,0.40952814773966867,0.5904718562960625,0.6468622609972954,0.6468622609972954,0.3531377390027046,1,0,1.8154156077172412,0.5904718562960625,0.5904718562960625,0.40952814370393753,1,0
Exp1_GaJu_to_Si,Ga_Ju,Si,SiCo04,Si,0,0.4371041802999874,0.5628958238909642,0.45970042143017054,0.5402995807429155,0.5628958238909642,0.5628958238909642,0.43710417610903585,1,0,1.8154156077172412,0.5402995807429155,0.5402995807429155,0.4597004192570845,1,0
Exp1_GaJu_to_Si,Ga_Ju,Si,SiCo05,Si,0,0.2679129461757839,0.7320870446662108,0.3604406525070469,0.6395593440781037,0.7320870446662108,0.7320870446662108,0.2679129553337892,1,0,1.8154156077172412,0.6395593440781037,0.6395593440781037,0.36044065592189634,1,0
Exp1_GaJu_to_Si,Ga_Ju,Si,SiCo06,Si,0,0.24105399664646635,0.7589460077385107,0.3375543563937147,0.6624456464002529,0.7589460077385107,0.7589460077385107,0.24105399226148927,1,0,1.8154156077172412,0.6624456464002529,0.6624456464002529,0.33755435359974706,1,0
Exp1_GaJu_to_Si,Ga_Ju,Si,SiCo07,Si,0,0.8297674537558729,0.1702325471366445,0.7296439952527484,0.2703560007115205,0.1702325471366445,0.8297674537558729,0.1702325462441271,0,1,1.8154156077172412,0.2703560007115205,0.7296439952527484,0.27035600474725163,0,1
Exp1_GaJu_to_Si,Ga_Ju,Si,SiCo08,Si,0,0.42706189343395334,0.5729381007452806,0.44860298388327163,0.5513970125466585,0.5729381007452806,0.5729381007452806,0.4270618992547194,1,0,1.8154156077172412,0.5513970125466585,0.5513970125466585,0.4486029874533415,1,0
Exp1_GaJu_to_Si,Ga_Ju,Si,SiCo09,Si,0,0.1823159558698535,0.8176840481658777,0.29265849323322374,0.7073415095607439,0.8176840481658777,0.8176840481658777,0.1823159518341223,1,0,1.8154156077172412,0.7073415095607439,0.7073415095607439,0.29265849043925607,1,0
Exp1_GaJu_to_Si,Ga_Ju,Si,SiCo10,Si,0,0.26108206777522963,0.7389179300516844,0.34734994545578957,0.6526500495771567,0.7389179300516844,0.7389179300516844,0.2610820699483156,1,0,1.8154156077172412,0.6526500495771567,0.6526500495771567,0.34734995042284333,1,0
Exp1_GaJu_to_Si,Ga_Ju,Si,SiCo11,Si,0,0.26381841437735903,0.7361815913269917,0.3393186538790663,0.6606813383599123,0.7361815913269917,0.7361815913269917,0.2638184086730083,1,0,1.8154156077172412,0.6606813383599123,0.6606813383599123,0.3393186616400877,1,0
Exp1_GaJu_to_Si,Ga_Ju,Si,SiCo12,Si,0,0.20428131225829324,0.7957186798254648,0.31510190820942324,0.6848980896174908,0.7957186798254648,0.7957186798254648,0.20428132017453515,1,0,1.8154156077172412,0.6848980896174908,0.6848980896174908,0.31510191038250923,1,0
Exp1_GaJu_to_Si,Ga_Ju,Si,SiCo13,Si,0,0.7890218372146288,0.21097816821808615,0.688338503241539,0.311661498931547,0.21097816821808615,0.7890218372146288,0.21097816278537118,0,1,1.8154156077172412,0.311661498931547,0.688338503241539,0.311661496758461,0,1
Exp1_GaJu_to_Si,Ga_Ju,Si,SiCo14,Si,0,0.08930707443505526,0.9106929178039233,0.20796315108115473,0.7920368375877539,0.9106929178039233,0.9106929178039233,0.08930708219607675,1,0,1.8154156077172412,0.7920368375877539,0.7920368375877539,0.2079631624122461,1,0
Exp1_GaJu_to_Si,Ga_Ju,Si,SiCo15,Si,0,0.2942016436330353,0.7057983614504337,0.3639912682895859,0.6360087258120378,0.7057983614504337,0.7057983614504337,0.29420163854956627,1,0,1.8154156077172412,0.6360087258120378,0.6360087258120378,0.3639912741879622,1,0
Exp1_GaJu_to_Si,Ga_Ju,Si,SiCo16,Si,0,0.022952158615225926,0.977047840754191,0.10523019381798804,0.8947698101401329,0.977047840754191,0.977047840754191,0.022952159245808956,1,0,1.8154156077172412,0.8947698101401329,0.8947698101401329,0.1052301898598671,1,0
Exp1_GaJu_to_Si,Ga_Ju,Si,SiCo17,Si,0,0.22311252914369106,0.7768874652683735,0.32182544143870473,0.6781745540599028,0.7768874652683735,0.7768874652683735,0.2231125347316265,1,0,1.8154156077172412,0.6781745540599028,0.6781745540599028,0.3218254459400972,1,0
Exp1_GaJu_to_Si,Ga_Ju,Si,SiCo18,Si,0,0.9365893801053365,0.06341062199013929,0.8539449286957582,0.14605506447454294,0.06341062199013929,0.9365893801053365,0.06341061989466346,0,1,1.8154156077172412,0.14605506447454294,0.8539449286957582,0.14605507130424178,0,1
Exp1_GaJu_to_Si,Ga_Ju,Si,SiCo19,Si,0,0.6077545108273625,0.39224549165616435,0.5666252343604962,0.43337477805713814,0.39224549165616435,0.6077545108273625,0.39224548917263746,0,1,1.8154156077172412,0.43337477805713814,0.5666252343604962,0.43337476563950383,0,1
Exp1_GaJu_to_Si,Ga_Ju,Si,SiCo20,Si,0,0.06963648892087804,0.9303635085622469,0.1756076019567748,0.824392399440209,0.9303635085622469,0.9303635085622469,0.06963649143775308,1,0,1.8154156077172412,0.824392399440209,0.824392399440209,0.17560760055979097,1,0
Exp1_GaJu_to_Si,Ga_Ju,Si,SiCo21,Si,0,0.13401446413869658,0.8659855326016744,0.25579084114482004,0.7442091641326746,0.8659855326016744,0.8659855326016744,0.13401446739832557,1,0,1.8154156077172412,0.7442091641326746,0.7442091641326746,0.25579083586732543,1,0
Exp1_GaJu_to_Si,Ga_Ju,Si,SiCo22,Si,0,0.52343790512532,0.4765621010834972,0.513653447230657,0.4863465546319882,0.4765621010834972,0.52343790512532,0.47656209487468004,0,1,1.8154156077172412,0.4863465546319882,0.513653447230657,0.486346552769343,0,1
Exp1_GaJu_to_Si,Ga_Ju,Si,SiCo23,Si,0,0.07995294595214848,0.9200470546881357,0.20018368773162365,0.7998163166145483,0.9200470546881357,0.9200470546881357,0.07995294531186425,1,0,1.8154156077172412,0.7998163166145483,0.7998163166145483,0.20018368338545167,1,0
Exp1_GaJu_to_Si,Ga_Ju,Si,SiCo24,Si,0,0.008879724777216325,0.991120271384716,0.06503760977648199,0.9349623868862788,0.991120271384716,0.991120271384716,0.008879728615283966,1,0,1.8154156077172412,0.9349623868862788,0.9349623868862788,0.06503761311372125,1,0
Exp1_GaJu_to_Si,Ga_Ju,Si,SiCo25,Si,0,0.3165137387501697,0.6834862635781368,0.37880582238237065,0.6211941732714573,0.6834862635781368,0.6834862635781368,0.3165137364218632,1,0,1.8154156077172412,0.6211941732714573,0.6211941732714573,0.3788058267285427,1,0
Exp1_GaJu_to_Si,Ga_Ju,Si,SiCo26,Si,0,0.13392989601319036,0.8660700979332129,0.2576399641111493,0.7423600256443024,0.8660700979332129,0.8660700979332129,0.13392990206678712,1,0,1.8154156077172412,0.7423600256443024,0.7423600256443024,0.25763997435569763,1,0
Exp1_GaJu_to_Si,Ga_Ju,Si,SiCo27,Si,0,0.0169039358831166,0.9830960755546888,0.09484913797738652,0.9051508617897829,0.9830960755546888,0.9830960755546888,0.01690392444531119,1,0,1.8154156077172412,0.9051508617897829,0.9051508617897829,0.09484913821021712,1,0
Exp1_GaJu_to_Si,Ga_Ju,Si,SiCo28,Si,0,0.008620636523119174,0.9913793640832106,0.0660760080597053,0.9339239982267221,0.9913793640832106,0.9913793640832106,0.00862063591678941,1,0,1.8154156077172412,0.9339239982267221,0.9339239982267221,0.06607600177327788,1,0
Exp1_GaJu_to_Si,Ga_Ju,Si,SiCo29,Si,0,0.2997853556492676,0.7002146479984125,0.3689120815445979,0.6310879252851009,0.7002146479984125,0.7002146479984125,0.2997853520015875,1,0,1.8154156077172412,0.6310879252851009,0.6310879252851009,0.36891207471489906,1,0
Exp1_GaJu_to_Si,Ga_Ju,Si,SiCo30,Si,0,0.47320483058380586,0.5267951656132936,0.47938924965759117,0.5206107522050539,0.5267951656132936,0.5267951656132936,0.47320483438670635,1,0,1.8154156077172412,0.5206107522050539,0.5206107522050539,0.47938924779494607,1,0
Exp1_GaJu_to_Si,Ga_Ju,Si,SiPt02,Si,1,0.0009257249587335536,0.9990742666025957,0.016701508133943815,0.9832984916865826,0.9990742666025957,0.9990742666025957,0.0009257333974043158,1,1,1.8154156077172412,0.9832984916865826,0.9832984916865826,0.016701508313417435,1,1
Exp1_GaJu_to_Si,Ga_Ju,Si,SiPt04,Si,1,0.7744144052267075,0.22558559337630868,0.6768028686443964,0.32319713321824867,0.22558559337630868,0.7744144052267075,0.22558559477329254,0,0,1.8154156077172412,0.32319713321824867,0.6768028686443964,0.3231971313556036,0,0
Exp1_GaJu_to_Si,Ga_Ju,Si,SiPt05,Si,1,0.6136098905718294,0.38639010574358207,0.5443588828329666,0.45564111943046254,0.38639010574358207,0.6136098905718294,0.38639010942817065,0,0,1.8154156077172412,0.45564111943046254,0.5443588828329666,0.45564111716703337,0,0
Exp1_GaJu_to_Si,Ga_Ju,Si,SiPt07,Si,1,0.002989421068681016,0.9970105824371179,0.037189751087377466,0.9628102456529936,0.9970105824371179,0.9970105824371179,0.0029894175628820685,1,1,1.8154156077172412,0.9628102456529936,0.9628102456529936,0.03718975434700644,1,1
Exp1_GaJu_to_Si,Ga_Ju,Si,SiPt08,Si,1,0.11587764329427348,0.8841223530471325,0.21280192067691436,0.7871980766455332,0.8841223530471325,0.8841223530471325,0.11587764695286751,1,1,1.8154156077172412,0.7871980766455332,0.7871980766455332,0.2128019233544668,1,1
Exp1_GaJu_to_Si,Ga_Ju,Si,SiPt09,Si,1,0.5397847616113722,0.46021524382134277,0.5202587538709244,0.47974124799172085,0.46021524382134277,0.5397847616113722,0.46021523838862777,0,0,1.8154156077172412,0.47974124799172085,0.5202587538709244,0.47974124612907565,0,0
Exp1_GaJu_to_Si,Ga_Ju,Si,SiPt10,Si,1,0.2222853665201304,0.7777146299680074,0.31983713479712605,0.6801628644267718,0.7777146299680074,0.7777146299680074,0.22228537003199256,1,1,1.8154156077172412,0.6801628644267718,0.6801628644267718,0.31983713557322824,1,1
Exp1_GaJu_to_Si,Ga_Ju,Si,SiPt12,Si,1,0.0014201449486487643,0.9985798560082912,0.024831883628697444,0.9751681188742319,0.9985798560082912,0.9985798560082912,0.0014201439917087555,1,1,1.8154156077172412,0.9751681188742319,0.9751681188742319,0.024831881125768063,1,1
Exp1_GaJu_to_Si,Ga_Ju,Si,SiPt13,Si,1,0.07901845371816307,0.9209815462430319,0.19186452597690126,0.8081354722380638,0.9209815462430319,0.9209815462430319,0.07901845375696814,1,1,1.8154156077172412,0.8081354722380638,0.8081354722380638,0.1918645277619362,1,1
Exp1_GaJu_to_Si,Ga_Ju,Si,SiPt14,Si,1,0.22974061627367823,0.7702593896538019,0.3146985131315887,0.6853014950950941,0.7702593896538019,0.7702593896538019,0.22974061034619808,1,1,1.8154156077172412,0.6853014950950941,0.6853014950950941,0.3146985049049059,1,1
Exp1_GaJu_to_Si,Ga_Ju,Si,SiPt15,Si,1,0.005826027810978,0.9941739663481712,0.049571968256107844,0.9504280264178911,0.9941739663481712,0.9941739663481712,0.005826033651828766,1,1,1.8154156077172412,0.9504280264178911,0.9504280264178911,0.04957197358210885,1,1
Exp1_GaJu_to_Si,Ga_Ju,Si,SiPt16,Si,1,0.7404614345480999,0.25953856591756147,0.6475033996005853,0.3524965935697158,0.25953856591756147,0.7404614345480999,0.2595385654519001,0,0,1.8154156077172412,0.3524965935697158,0.6475033996005853,0.35249660039941466,0,0
Exp1_GaJu_to_Si,Ga_Ju,Si,SiPt17,Si,1,0.7493984807903568,0.2506015148634712,0.6603252310305834,0.33967477052162093,0.2506015148634712,0.7493984807903568,0.25060151920964324,0,0,1.8154156077172412,0.33967477052162093,0.6603252310305834,0.3396747689694166,0,0
Exp1_GaJu_to_Si,Ga_Ju,Si,SiPt18,Si,1,0.45307519639997434,0.5469247978180647,0.4591320746888717,0.5408679296573004,0.5469247978180647,0.5469247978180647,0.4530752021819353,1,1,1.8154156077172412,0.5408679296573004,0.5408679296573004,0.45913207034269965,1,1
Exp1_GaJu_to_Si,Ga_Ju,Si,SiPt19,Si,1,0.15267671282344963,0.8473232922454675,0.24934532050974667,0.7506546738247076,0.8473232922454675,0.8473232922454675,0.15267670775453246,1,1,1.8154156077172412,0.7506546738247076,0.7506546738247076,0.24934532617529237,1,1
Exp1_GaJu_to_Si,Ga_Ju,Si,SiPt20,Si,1,0.030213831438838195,0.9697861758371195,0.1260314347067227,0.873968567699194,0.9697861758371195,0.9697861758371195,0.030213824162880543,1,1,1.8154156077172412,0.873968567699194,0.873968567699194,0.12603143230080605,1,1
Exp1_GaJu_to_Si,Ga_Ju,Si,SiPt21,Si,1,0.16008047912813103,0.8399195224046707,0.27675845396394533,0.7232415440181891,0.8399195224046707,0.8399195224046707,0.16008047759532928,1,1,1.8154156077172412,0.7232415440181891,0.7232415440181891,0.2767584559818109,1,1
Exp1_GaJu_to_Si,Ga_Ju,Si,SiPt22,Si,1,0.0026953251200817854,0.9973046729962031,0.03472586550439397,0.965274146447579,0.9973046729962031,0.9973046729962031,0.0026953270037969324,1,1,1.8154156077172412,0.965274146447579,0.965274146447579,0.03472585355242097,1,1
Exp1_GaJu_to_Si,Ga_Ju,Si,SiPt23,Si,1,0.015791609403095208,0.984208382666111,0.08655602605237316,0.913443968941768,0.984208382666111,0.984208382666111,0.015791617333889008,1,1,1.8154156077172412,0.913443968941768,0.913443968941768,0.08655603105823195,1,1
Exp1_GaJu_to_Si,Ga_Ju,Si,SiPt24,Si,1,0.10597191513321984,0.8940280837317308,0.22141164766314128,0.7785883545875549,0.8940280837317308,0.8940280837317308,0.10597191626826918,1,1,1.8154156077172412,0.7785883545875549,0.7785883545875549,0.22141164541244507,1,1
Exp1_GaJu_to_Si,Ga_Ju,Si,SiPt25,Si,1,0.209146679546393,0.7908533165852228,0.3091604196233675,0.690839576224486,0.7908533165852228,0.7908533165852228,0.20914668341477716,1,1,1.8154156077172412,0.690839576224486,0.690839576224486,0.309160423775514,1,1
Exp1_GaJu_to_Si,Ga_Ju,Si,SiPt27,Si,1,0.005158053546135004,0.9948419394592444,0.045982909485852964,0.9540170878171921,0.9948419394592444,0.9948419394592444,0.005158060540755627,1,1,1.8154156077172412,0.9540170878171921,0.9540170878171921,0.04598291218280792,1,1
Exp1_GaJu_to_Si,Ga_Ju,Si,SiPt28,Si,1,0.15928320660896134,0.8407167879243692,0.2605608625647922,0.7394391459723314,0.8407167879243692,0.8407167879243692,0.1592832120756308,1,1,1.8154156077172412,0.7394391459723314,0.7394391459723314,0.2605608540276686,1,1
Exp1_GaJu_to_Si,Ga_Ju,Si,SiPt29,Si,1,0.006050885055932061,0.9939491202433904,0.0545945455863451,0.945405458410581,0.9939491202433904,0.9939491202433904,0.006050879756609562,1,1,1.8154156077172412,0.945405458410581,0.945405458410581,0.05459454158941901,1,1
Exp1_GaJu_to_Si,Ga_Ju,Si,SiPt30,Si,1,0.12358522228896618,0.8764147870242596,0.2450055655402442,0.7549944321314493,0.8764147870242596,0.8764147870242596,0.12358521297574043,1,1,1.8154156077172412,0.7549944321314493,0.7549944321314493,0.24500556786855066,1,1
Exp1_GaJu_to_Si,Ga_Ju,Si,SiPt31,Si,1,0.03794531068221355,0.9620546822746595,0.13171140019161007,0.8682885977129141,0.9620546822746595,0.9620546822746595,0.03794531772534049,1,1,1.8154156077172412,0.8682885977129141,0.8682885977129141,0.1317114022870859,1,1
Exp1_GaJu_to_Si,Ga_Ju,Si,SiPt32,Si,1,0.42076916930576164,0.5792308331777652,0.45104786815742653,0.5489521318425735,0.5792308331777652,0.5792308331777652,0.42076916682223475,1,1,1.8154156077172412,0.5489521318425735,0.5489521318425735,0.4510478681574265,1,1
Exp1_GaJu_to_Si,Ga_Ju,Si,SiPt33,Si,1,0.5295914097223431,0.47040858895828325,0.5149363980938991,0.4850635975599289,0.47040858895828325,0.5295914097223431,0.4704085902776569,0,0,1.8154156077172412,0.4850635975599289,0.5149363980938991,0.48506360190610087,0,0
Exp1_GaJu_to_Si,Ga_Ju,Si,SiPt34,Si,1,0.7417747488555809,0.2582252480400105,0.6587554492677251,0.34124454483389854,0.2582252480400105,0.7417747488555809,0.2582252511444191,0,0,1.8154156077172412,0.34124454483389854,0.6587554492677251,0.3412445507322749,0,0
Exp1_GaJu_to_Si,Ga_Ju,Si,SiPt35,Si,1,0.7908368551482757,0.2091631415920953,0.6950603481382132,0.30493965465575457,0.2091631415920953,0.7908368551482757,0.20916314485172427,0,0,1.8154156077172412,0.30493965465575457,0.6950603481382132,0.30493965186178684,0,0
Exp1_GaJu_to_Si,Ga_Ju,Si,SiPt36,Si,1,0.07091586858344574,0.9290841383238634,0.18002676280836263,0.8199732402960459,0.9290841383238634,0.9290841383238634,0.07091586167613662,1,1,1.8154156077172412,0.8199732402960459,0.8199732402960459,0.1800267597039541,1,1
Exp1_GaJu_to_Si,Ga_Ju,Si,SiPt37,Si,1,0.3352396396318606,0.6647603577002883,0.38322811558221775,0.6167718737075726,0.6647603577002883,0.6647603577002883,0.3352396422997117,1,1,1.8154156077172412,0.6167718737075726,0.6167718737075726,0.3832281262924274,1,1
Exp1_GaJu_to_Si,Ga_Ju,Si,SiPt38,Si,1,0.40042816506077844,0.5995718371123075,0.43862303470571834,0.5613769541184107,0.5995718371123075,0.5995718371123075,0.40042816288769245,1,1,1.8154156077172412,0.5613769541184107,0.5613769541184107,0.4386230458815893,1,1
Exp1_GaJu_to_Si,Ga_Ju,Si,SiPt39,Si,1,0.04469608227130569,0.9553039111196995,0.14827095717191696,0.8517290378610293,0.9553039111196995,0.9553039111196995,0.04469608888030052,1,1,1.8154156077172412,0.8517290378610293,0.8517290378610293,0.14827096213897073,1,1
Exp1_GaJu_to_Si,Ga_Ju,Si,SiPt40,Si,1,0.20584340898009637,0.7941565935810407,0.3134889742359519,0.6865110273162524,0.7941565935810407,0.7941565935810407,0.20584340641895926,1,1,1.8154156077172412,0.6865110273162524,0.6865110273162524,0.31348897268374765,1,1
Exp2_GaSi_to_Ju,Ga_Si,Ju,JuCo01,Ju,0,0.04180668862649587,0.958193322022756,0.32133095853385474,0.6786690411113557,0.958193322022756,0.958193322022756,0.04180667797724402,1,0,5.757058023452591,0.6786690411113557,0.6786690411113557,0.32133095888864427,1,0
Exp2_GaSi_to_Ju,Ga_Si,Ju,JuCo02,Ju,0,0.9167638337239623,0.0832361591510562,0.7389362789690495,0.26106373127549887,0.0832361591510562,0.9167638337239623,0.08323616627603769,0,1,5.757058023452591,0.26106373127549887,0.7389362789690495,0.26106372103095055,0,1
Exp2_GaSi_to_Ju,Ga_Si,Ju,JuCo03,Ju,0,0.028815644996939227,0.971184354275465,0.3393427934497595,0.6606571860611439,0.971184354275465,0.971184354275465,0.02881564572453499,1,0,5.757058023452591,0.6606571860611439,0.6606571860611439,0.3393428139388561,1,0
Exp2_GaSi_to_Ju,Ga_Si,Ju,JuCo04,Ju,0,0.9726114388969209,0.027388561977911903,0.7802810031506751,0.21971899850500953,0.027388561977911903,0.9726114388969209,0.02738856110307908,0,1,5.757058023452591,0.21971899850500953,0.7802810031506751,0.21971899684932494,0,1
Exp2_GaSi_to_Ju,Ga_Si,Ju,JuCo05,Ju,0,0.9914808085986546,0.008519192077385794,0.7176821844918387,0.28231781337942397,0.008519192077385794,0.9914808085986546,0.008519191401345383,0,1,5.757058023452591,0.28231781337942397,0.7176821844918387,0.28231781550816126,0,1
Exp2_GaSi_to_Ju,Ga_Si,Ju,JuCo06,Ju,0,0.10064172823329341,0.8993582641300948,0.34777854221022647,0.6522214626488478,0.8993582641300948,0.8993582641300948,0.10064173586990521,1,0,5.757058023452591,0.6522214626488478,0.6522214626488478,0.34777853735115216,1,0
Exp2_GaSi_to_Ju,Ga_Si,Ju,JuCo07,Ju,0,0.8761758874170482,0.12382411092676193,0.6164455516263843,0.3835544534958899,0.12382411092676193,0.8761758874170482,0.12382411258295178,0,1,5.757058023452591,0.3835544534958899,0.6164455516263843,0.38355444837361574,0,1
Exp2_GaSi_to_Ju,Ga_Si,Ju,JuCo08,Ju,0,0.8999336749089487,0.1000663239339536,0.6438020007176832,0.35619799386371265,0.1000663239339536,0.8999336749089487,0.10006632509105129,0,1,5.757058023452591,0.35619799386371265,0.6438020007176832,0.35619799928231677,0,1
Exp2_GaSi_to_Ju,Ga_Si,Ju,JuCo09,Ju,0,0.23387531511440512,0.7661246840030916,0.4217879839481846,0.5782120256654678,0.7661246840030916,0.7661246840030916,0.23387531599690836,1,0,5.757058023452591,0.5782120256654678,0.5782120256654678,0.4217879743345322,1,0
Exp2_GaSi_to_Ju,Ga_Si,Ju,JuCo11,Ju,0,0.0008413293683639091,0.9991586671935188,0.19704256393015385,0.8029574371046491,0.9991586671935188,0.9991586671935188,0.0008413328064812431,1,0,5.757058023452591,0.8029574371046491,0.8029574371046491,0.19704256289535094,1,0
Exp2_GaSi_to_Ju,Ga_Si,Ju,JuCo12,Ju,0,0.2630769334868283,0.7369230679775539,0.4399060552057467,0.5600939361672652,0.7369230679775539,0.7369230679775539,0.2630769320224461,1,0,5.757058023452591,0.5600939361672652,0.5600939361672652,0.4399060638327348,1,0
Exp2_GaSi_to_Ju,Ga_Si,Ju,JuCo13,Ju,0,0.9995792359113693,0.00042075048726294045,0.8847007271316316,0.11529927617973751,0.00042075048726294045,0.9995792359113693,0.00042076408863067627,0,1,5.757058023452591,0.11529927617973751,0.8847007271316316,0.11529927286836839,0,1
Exp2_GaSi_to_Ju,Ga_Si,Ju,JuCo14,Ju,0,5.8729171448116656e-06,0.9999941279811244,0.07674057126766251,0.9232594236250846,0.9999941279811244,0.9999941279811244,5.872018875585638e-06,1,0,5.757058023452591,0.9232594236250846,0.9232594236250846,0.07674057637491538,1,0
Exp2_GaSi_to_Ju,Ga_Si,Ju,JuCo15,Ju,0,0.0005963283820670363,0.9994036737415526,0.19894241500231954,0.8010575771331787,0.9994036737415526,0.9994036737415526,0.0005963262584474105,1,0,5.757058023452591,0.8010575771331787,0.8010575771331787,0.1989424228668213,1,0
Exp2_GaSi_to_Ju,Ga_Si,Ju,JuCo16,Ju,0,0.8404499555608103,0.159550050544658,0.6843681320548057,0.31563186744848887,0.159550050544658,0.8404499555608103,0.15955004443918974,0,1,5.757058023452591,0.31563186744848887,0.6843681320548057,0.31563186794519427,0,1
Exp2_GaSi_to_Ju,Ga_Si,Ju,JuCo17,Ju,0,0.9999320996659142,6.789466112014761e-05,0.8873941430023738,0.11260586005768605,6.789466112014761e-05,0.9999320996659142,6.790033408576868e-05,0,1,5.757058023452591,0.11260586005768605,0.8873941430023738,0.11260585699762615,0,1
Exp2_GaSi_to_Ju,Ga_Si,Ju,JuCo18,Ju,0,0.9536984852618642,0.04630150365814087,0.7524894343482124,0.24751056358218193,0.04630150365814087,0.9536984852618642,0.04630151473813582,0,1,5.757058023452591,0.24751056358218193,0.7524894343482124,0.24751056565178764,0,1
Exp2_GaSi_to_Ju,Ga_Si,Ju,JuCo19,Ju,0,0.804198681637097,0.1958013304050409,0.6215828052338432,0.3784172004636596,0.1958013304050409,0.804198681637097,0.19580131836290304,0,1,5.757058023452591,0.3784172004636596,0.6215828052338432,0.37841719476615676,0,1
Exp2_GaSi_to_Ju,Ga_Si,Ju,JuCo20,Ju,0,0.048280909463582725,0.9517190896329426,0.3132689283007667,0.6867310702800751,0.9517190896329426,0.9517190896329426,0.048280910367057395,1,0,5.757058023452591,0.6867310702800751,0.6867310702800751,0.3132689297199249,1,0
Exp2_GaSi_to_Ju,Ga_Si,Ju,JuCo21,Ju,0,0.013909349397719876,0.9860906506839552,0.2586663275172836,0.7413336650321358,0.9860906506839552,0.9860906506839552,0.013909349316044817,1,0,5.757058023452591,0.7413336650321358,0.7413336650321358,0.2586663349678642,1,0
Exp2_GaSi_to_Ju,Ga_Si,Ju,JuCo22,Ju,0,0.23444130477970535,0.7655586889503818,0.38307245820760727,0.6169275366946271,0.7655586889503818,0.7655586889503818,0.23444131104961818,1,0,5.757058023452591,0.6169275366946271,0.6169275366946271,0.3830724633053729,1,0
Exp2_GaSi_to_Ju,Ga_Si,Ju,JuCo23,Ju,0,0.0712925316972451,0.9287074698025745,0.22440265883237887,0.7755973342901621,0.9287074698025745,0.9287074698025745,0.07129253019742554,1,0,5.757058023452591,0.7755973342901621,0.7755973342901621,0.2244026657098379,1,0
Exp2_GaSi_to_Ju,Ga_Si,Ju,JuCo24,Ju,0,0.5037639585789293,0.4962360335048288,0.5048902295529842,0.4951097797602415,0.4962360335048288,0.5037639585789293,0.4962360414210707,0,1,5.757058023452591,0.4951097797602415,0.5048902295529842,0.49510977044701576,0,1
Exp2_GaSi_to_Ju,Ga_Si,Ju,JuCo25,Ju,0,0.6502177086376557,0.3497822919126713,0.5361576540903612,0.463842359456149,0.3497822919126713,0.6502177086376557,0.3497822913623443,0,1,5.757058023452591,0.463842359456149,0.5361576540903612,0.4638423459096388,0,1
Exp2_GaSi_to_Ju,Ga_Si,Ju,JuCo26,Ju,0,0.8298189742490649,0.17018103058217093,0.5830484936013818,0.41695151291787624,0.17018103058217093,0.8298189742490649,0.17018102575093508,0,1,5.757058023452591,0.41695151291787624,0.5830484936013818,0.4169515063986182,0,1
Exp2_GaSi_to_Ju,Ga_Si,Ju,JuPt01,Ju,1,0.7372500658401422,0.2627499424405373,0.5821317318969297,0.4178682691460427,0.2627499424405373,0.7372500658401422,0.2627499341598578,0,0,5.757058023452591,0.4178682691460427,0.5821317318969297,0.4178682681030703,0,0
Exp2_GaSi_to_Ju,Ga_Si,Ju,JuPt02,Ju,1,0.8181497460993176,0.18185024830216373,0.6001782119274139,0.3998218083923513,0.18185024830216373,0.8181497460993176,0.18185025390068243,0,0,5.757058023452591,0.3998218083923513,0.6001782119274139,0.39982178807258606,0,0
Exp2_GaSi_to_Ju,Ga_Si,Ju,JuPt03,Ju,1,0.05982467403919961,0.9401753321254448,0.28484438650193555,0.7151556116062981,0.9401753321254448,0.9401753321254448,0.059824667874555204,1,1,5.757058023452591,0.7151556116062981,0.7151556116062981,0.28484438839370185,1,1
Exp2_GaSi_to_Ju,Ga_Si,Ju,JuPt04,Ju,1,2.5807574895786443e-07,0.9999997472763061,0.052203060612082484,0.9477969241142273,0.9999997472763061,0.9999997472763061,2.527236938609789e-07,1,1,5.757058023452591,0.9477969241142273,0.9477969241142273,0.052203075885772665,1,1
Exp2_GaSi_to_Ju,Ga_Si,Ju,JuPt05,Ju,1,0.5867520895074395,0.41324790304197984,0.5128010634113761,0.48719894535401287,0.41324790304197984,0.5867520895074395,0.4132479104925605,0,0,5.757058023452591,0.48719894535401287,0.5128010634113761,0.4871989365886239,0,0
Exp2_GaSi_to_Ju,Ga_Si,Ju,JuPt06,Ju,1,2.1761004442488303e-07,0.9999997891946218,0.048937250413233865,0.9510627473667255,0.9999997891946218,0.9999997891946218,2.108053781535446e-07,1,1,5.757058023452591,0.9510627473667255,0.9510627473667255,0.04893725263327453,1,1
Exp2_GaSi_to_Ju,Ga_Si,Ju,JuPt07,Ju,1,0.0088211520600857,0.9911788536442651,0.25373222430547077,0.7462677790058984,0.9911788536442651,0.9911788536442651,0.008821146355734943,1,1,5.757058023452591,0.7462677790058984,0.7462677790058984,0.25373222099410164,1,1
Exp2_GaSi_to_Ju,Ga_Si,Ju,JuPt08,Ju,1,4.083311715168533e-05,0.9999591673121733,0.11685610562562943,0.8831438807880178,0.9999591673121733,0.9999591673121733,4.083268782673066e-05,1,1,5.757058023452591,0.8831438807880178,0.8831438807880178,0.11685611921198225,1,1
Exp2_GaSi_to_Ju,Ga_Si,Ju,JuPt09,Ju,1,3.257113897862341e-05,0.999967431850546,0.09319111076189983,0.9068088832601144,0.999967431850546,0.999967431850546,3.2568149453959805e-05,1,1,5.757058023452591,0.9068088832601144,0.9068088832601144,0.09319111673988556,1,1
Exp2_GaSi_to_Ju,Ga_Si,Ju,JuPt10,Ju,1,0.03470607992700233,0.9652939210306143,0.178876927433987,0.8211230705591558,0.9652939210306143,0.9652939210306143,0.03470607896938571,1,1,5.757058023452591,0.8211230705591558,0.8211230705591558,0.1788769294408442,1,1
Exp2_GaSi_to_Ju,Ga_Si,Ju,JuPt11,Ju,1,0.006129187782911373,0.9938708119636042,0.13973130547203066,0.8602686964219547,0.9938708119636042,0.9938708119636042,0.006129188036395838,1,1,5.757058023452591,0.8602686964219547,0.8602686964219547,0.1397313035780453,1,1
Exp2_GaSi_to_Ju,Ga_Si,Ju,JuPt12,Ju,1,0.0002027167699500555,0.9997972907164158,0.11942513516316047,0.8805748575772995,0.9997972907164158,0.9997972907164158,0.0002027092835842348,1,1,5.757058023452591,0.8805748575772995,0.8805748575772995,0.11942514242270053,1,1
Exp2_GaSi_to_Ju,Ga_Si,Ju,JuPt13,Ju,1,0.00013206244062145673,0.9998679316960848,0.1424655414544619,0.8575344507510846,0.9998679316960848,0.9998679316960848,0.00013206830391521152,1,1,5.757058023452591,0.8575344507510846,0.8575344507510846,0.1424655492489154,1,1
Exp2_GaSi_to_Ju,Ga_Si,Ju,JuPt14,Ju,1,0.00010015979858464678,0.9998998324921791,0.13935097433785174,0.860649030259315,0.9998998324921791,0.9998998324921791,0.00010016750782093631,1,1,5.757058023452591,0.860649030259315,0.860649030259315,0.13935096974068495,1,1
Exp2_GaSi_to_Ju,Ga_Si,Ju,JuPt15,Ju,1,0.8429211156434858,0.15707888492987637,0.600109660222777,0.39989034417639363,0.15707888492987637,0.8429211156434858,0.15707888435651418,0,0,5.757058023452591,0.39989034417639363,0.600109660222777,0.399890339777223,0,0
Exp2_GaSi_to_Ju,Ga_Si,Ju,JuPt16,Ju,1,7.50314463526997e-07,0.9999992596475702,0.057771538302563784,0.9422284762064616,0.9999992596475702,0.9999992596475702,7.403524298066344e-07,1,1,5.757058023452591,0.9422284762064616,0.9422284762064616,0.05777152379353845,1,1
Exp2_GaSi_to_Ju,Ga_Si,Ju,JuPt17,Ju,1,0.09520999720859293,0.9047900022644746,0.3735958259356649,0.6264041787699649,0.9047900022644746,0.9047900022644746,0.09520999773552541,1,1,5.757058023452591,0.6264041787699649,0.6264041787699649,0.3735958212300351,1,1
Exp2_GaSi_to_Ju,Ga_Si,Ju,JuPt18,Ju,1,2.0813915893332553e-05,0.9999791888963608,0.10494854946931204,0.8950514503887721,0.9999791888963608,0.9999791888963608,2.0811103639162276e-05,1,1,5.757058023452591,0.8950514503887721,0.8950514503887721,0.1049485496112279,1,1
Exp2_GaSi_to_Ju,Ga_Si,Ju,JuPt19,Ju,1,0.018027624556256144,0.9819723754315763,0.2728445169490737,0.7271554808358889,0.9819723754315763,0.9819723754315763,0.01802762456842366,1,1,5.757058023452591,0.7271554808358889,0.7271554808358889,0.2728445191641111,1,1
Exp2_GaSi_to_Ju,Ga_Si,Ju,JuPt20,Ju,1,0.3486110202452686,0.6513889825398582,0.44513696156552907,0.554863035523851,0.6513889825398582,0.6513889825398582,0.3486110174601418,1,1,5.757058023452591,0.554863035523851,0.554863035523851,0.44513696447614903,1,1
Exp2_GaSi_to_Ju,Ga_Si,Ju,JuPt21,Ju,1,0.03966401627306785,0.9603359819742582,0.32242099730854706,0.6775790018376932,0.9603359819742582,0.9603359819742582,0.03966401802574182,1,1,5.757058023452591,0.6775790018376932,0.6775790018376932,0.32242099816230685,1,1
Exp2_GaSi_to_Ju,Ga_Si,Ju,JuPt22,Ju,1,2.5179605497736274e-05,0.9999748310622047,0.12036750399891068,0.8796324975350324,0.9999748310622047,0.9999748310622047,2.51689377952502e-05,1,1,5.757058023452591,0.8796324975350324,0.8796324975350324,0.12036750246496764,1,1
Exp2_GaSi_to_Ju,Ga_Si,Ju,JuPt23,Ju,1,0.44633950394245897,0.5536604968706358,0.46320485367957953,0.5367951429035643,0.5536604968706358,0.5536604968706358,0.4463395031293642,1,1,5.757058023452591,0.5367951429035643,0.5367951429035643,0.46320485709643566,1,1
Exp2_GaSi_to_Ju,Ga_Si,Ju,JuPt24,Ju,1,0.20366310245580363,0.7963368945197682,0.41082087458308897,0.5891791275053313,0.7963368945197682,0.7963368945197682,0.2036631054802318,1,1,5.757058023452591,0.5891791275053313,0.5891791275053313,0.4108208724946687,1,1
Exp2_GaSi_to_Ju,Ga_Si,Ju,JuPt25,Ju,1,0.0074781705451968244,0.9925218316224905,0.19326583124124086,0.8067341630275433,0.9925218316224905,0.9925218316224905,0.007478168377509475,1,1,5.757058023452591,0.8067341630275433,0.8067341630275433,0.1932658369724567,1,1
Exp2_GaSi_to_Ju,Ga_Si,Ju,JuPt26,Ju,1,5.7042436949968877e-05,0.9999429562992272,0.114059494553022,0.8859405056372275,0.9999429562992272,0.9999429562992272,5.7043700772752004e-05,1,1,5.757058023452591,0.8859405056372275,0.8859405056372275,0.11405949436277252,1,1
Exp2_GaSi_to_Ju,Ga_Si,Ju,JuPt27,Ju,1,0.0013535762526247553,0.9986464291810989,0.2096602181904018,0.7903397798538208,0.9986464291810989,0.9986464291810989,0.0013535708189010842,1,1,5.757058023452591,0.7903397798538208,0.7903397798538208,0.20966022014617924,1,1
Exp2_GaSi_to_Ju,Ga_Si,Ju,JuPt28,Ju,1,1.5755503968538253e-07,0.9999998461638518,0.02952548535306047,0.9704745168228465,0.9999998461638518,0.9999998461638518,1.5383614815345226e-07,1,1,5.757058023452591,0.9704745168228465,0.9704745168228465,0.029525483177153533,1,1
Exp2_GaSi_to_Ju,Ga_Si,Ju,JuPt29,Ju,1,0.9596975153479883,0.04030248802189255,0.6964849508742811,0.30351505204457335,0.04030248802189255,0.9596975153479883,0.040302484652011694,0,0,5.757058023452591,0.30351505204457335,0.6964849508742811,0.3035150491257189,0,0
Exp3_JuSi_to_Ga,Ju_Si,Ga,GaCo01,Ga,0,0.3644092361098011,0.6355907595487402,0.4485210489171247,0.5514789492202302,0.6355907595487402,0.6355907595487402,0.3644092404512598,1,0,10.510162844996483,0.5514789492202302,0.5514789492202302,0.4485210507797698,1,0
Exp3_JuSi_to_Ga,Ju_Si,Ga,GaCo02,Ga,0,1.0,5.525293867328987e-17,0.994835032771031,0.0051649676803814755,5.525293867328987e-17,1.0,0.0,0,1,10.510162844996483,0.0051649676803814755,0.994835032771031,0.005164967228968975,0,1
Exp3_JuSi_to_Ga,Ju_Si,Ga,GaCo03,Ga,0,0.9806851199876594,0.01931487950049279,0.8814682516579827,0.11853174830321223,0.01931487950049279,0.9806851199876594,0.019314880012340607,0,1,10.510162844996483,0.11853174830321223,0.8814682516579827,0.1185317483420173,0,1
Exp3_JuSi_to_Ga,Ju_Si,Ga,GaCo04,Ga,0,2.3080267204577033e-06,0.9999976921826601,0.06485538430570159,0.9351446150491635,0.9999976921826601,0.9999976921826601,2.3078173398971558e-06,1,0,10.510162844996483,0.9351446150491635,0.9351446150491635,0.06485538495083654,1,0
Exp3_JuSi_to_Ga,Ju_Si,Ga,GaCo05,Ga,0,4.787549035723252e-20,1.0,0.003001437482756349,0.9969985609253247,1.0,1.0,0.0,1,0,10.510162844996483,0.9969985609253247,0.9969985609253247,0.003001439074675316,1,0
Exp3_JuSi_to_Ga,Ju_Si,Ga,GaCo06,Ga,0,5.0745785940327775e-11,1.0,0.013170303212769217,0.9868296958722067,1.0,1.0,0.0,1,0,10.510162844996483,0.9868296958722067,0.9868296958722067,0.013170304127793298,1,0
Exp3_JuSi_to_Ga,Ju_Si,Ga,GaCo07,Ga,0,1.501055073513637e-23,1.0,0.0016470682962790306,0.9983529318124056,1.0,1.0,0.0,1,0,10.510162844996483,0.9983529318124056,0.9983529318124056,0.0016470681875944138,1,0
Exp3_JuSi_to_Ga,Ju_Si,Ga,GaCo08,Ga,0,1.0646352146279025e-25,1.0,0.0007483140342780341,0.9992516866574686,1.0,1.0,0.0,1,0,10.510162844996483,0.9992516866574686,0.9992516866574686,0.0007483133425314481,1,0
Exp3_JuSi_to_Ga,Ju_Si,Ga,GaCo09,Ga,0,5.1091963630241595e-21,1.0,0.0024987864179214134,0.9975012075155973,1.0,1.0,0.0,1,0,10.510162844996483,0.9975012075155973,0.9975012075155973,0.0024987924844026566,1,0
Exp3_JuSi_to_Ga,Ju_Si,Ga,GaCo10,Ga,0,1.7365879169929088e-06,0.9999982627729576,0.03914200351937325,0.9608579967170954,0.9999982627729576,0.9999982627729576,1.7372270424420577e-06,1,0,10.510162844996483,0.9608579967170954,0.9608579967170954,0.039142003282904625,1,0
Exp3_JuSi_to_Ga,Ju_Si,Ga,GaCo11,Ga,0,0.9999882218738397,1.1778013927570971e-05,0.978404433776935,0.02159556118810239,1.1778013927570971e-05,0.9999882218738397,1.1778126160266744e-05,0,1,10.510162844996483,0.02159556118810239,0.978404433776935,0.02159556622306502,0,1
Exp3_JuSi_to_Ga,Ju_Si,Ga,GaCo12,Ga,0,0.9999796176950136,2.0384426020336884e-05,0.9181834111611048,0.081816594703317,2.0384426020336884e-05,0.9999796176950136,2.038230498635496e-05,0,1,10.510162844996483,0.081816594703317,0.9181834111611048,0.0818165888388952,0,1
Exp3_JuSi_to_Ga,Ju_Si,Ga,GaCo13,Ga,0,0.919140245784081,0.08085975691967938,0.8633598744203358,0.1366401258353795,0.08085975691967938,0.919140245784081,0.08085975421591896,0,1,10.510162844996483,0.1366401258353795,0.8633598744203358,0.1366401255796642,0,1
Exp3_JuSi_to_Ga,Ju_Si,Ga,GaCo14,Ga,0,0.9755023965290253,0.024497602471160382,0.8613242081676921,0.13867579024129859,0.024497602471160382,0.9755023965290253,0.024497603470974738,0,1,10.510162844996483,0.13867579024129859,0.8613242081676921,0.13867579183230794,0,1
Exp3_JuSi_to_Ga,Ju_Si,Ga,GaCo15,Ga,0,2.200740712526356e-31,1.0,0.00013135824809751284,0.9998686338464419,1.0,1.0,0.0,1,0,10.510162844996483,0.9998686338464419,0.9998686338464419,0.0001313661535581323,1,0
Exp3_JuSi_to_Ga,Ju_Si,Ga,GaCo16,Ga,0,0.6476716048092163,0.35232840140582217,0.5747345006145124,0.42526549811785425,0.35232840140582217,0.6476716048092163,0.35232839519078374,0,1,10.510162844996483,0.42526549811785425,0.5747345006145124,0.42526549938548763,0,1
Exp3_JuSi_to_Ga,Ju_Si,Ga,GaCo17,Ga,0,0.9999987255367967,1.2756700363485349e-06,0.9727795326875316,0.02722047287210848,1.2756700363485349e-06,0.9999987255367967,1.2744632033045988e-06,0,1,10.510162844996483,0.02722047287210848,0.9727795326875316,0.02722046731246841,0,1
Exp3_JuSi_to_Ga,Ju_Si,Ga,GaCo22,Ga,0,0.06847798363088559,0.9315220168735786,0.14809700911670615,0.8519029913780589,0.9315220168735786,0.9315220168735786,0.0684779831264214,1,0,10.510162844996483,0.8519029913780589,0.8519029913780589,0.14809700862194108,1,0
Exp3_JuSi_to_Ga,Ju_Si,Ga,GaPt03,Ga,1,2.049138168208623e-16,1.0,0.009981713931968747,0.9900182820856571,1.0,1.0,0.0,1,1,10.510162844996483,0.9900182820856571,0.9900182820856571,0.00998171791434288,1,1
Exp3_JuSi_to_Ga,Ju_Si,Ga,GaPt04,Ga,1,5.43440696903516e-16,1.0,0.008319218562974129,0.9916807760794958,1.0,1.0,0.0,1,1,10.510162844996483,0.9916807760794958,0.9916807760794958,0.008319223920504215,1,1
Exp3_JuSi_to_Ga,Ju_Si,Ga,GaPt05,Ga,1,0.906801123697968,0.0931988766830304,0.687536691625913,0.31246330713232356,0.0931988766830304,0.906801123697968,0.09319887630203205,0,0,10.510162844996483,0.31246330713232356,0.687536691625913,0.312463308374087,0,0
Exp3_JuSi_to_Ga,Ju_Si,Ga,GaPt06,Ga,1,0.5098139808881643,0.4901860158722386,0.5048266535935303,0.49517334004243213,0.4901860158722386,0.5098139808881643,0.4901860191118357,0,0,10.510162844996483,0.49517334004243213,0.5048266535935303,0.4951733464064697,0,0
Exp3_JuSi_to_Ga,Ju_Si,Ga,GaPt07,Ga,1,1.2838458414962004e-05,0.9999871614078681,0.013022524249511966,0.9869774697969358,0.9999871614078681,0.9999871614078681,1.2838592131858562e-05,1,1,10.510162844996483,0.9869774697969358,0.9869774697969358,0.013022530203064209,1,1
Exp3_JuSi_to_Ga,Ju_Si,Ga,GaPt08,Ga,1,1.1825663078251584e-24,1.0,0.0021056600317024277,0.9978943361590307,1.0,1.0,0.0,1,1,10.510162844996483,0.9978943361590307,0.9978943361590307,0.0021056638409693296,1,1
Exp3_JuSi_to_Ga,Ju_Si,Ga,GaPt09,Ga,1,1.0273444692822745e-12,1.0,0.003982078348068778,0.9960179254412651,1.0,1.0,0.0,1,1,10.510162844996483,0.9960179254412651,0.9960179254412651,0.003982074558734894,1,1
Exp3_JuSi_to_Ga,Ju_Si,Ga,GaPt12,Ga,1,4.0616755687685605e-32,1.0,0.00031602607119414944,0.9996839724481106,1.0,1.0,0.0,1,1,10.510162844996483,0.9996839724481106,0.9996839724481106,0.00031602755188941956,1,1
Exp3_JuSi_to_Ga,Ju_Si,Ga,GaPt13,Ga,1,5.390165860188677e-29,1.0,0.00024131558918977843,0.9997586756944656,1.0,1.0,0.0,1,1,10.510162844996483,0.9997586756944656,0.9997586756944656,0.0002413243055343628,1,1
Exp3_JuSi_to_Ga,Ju_Si,Ga,GaPt14,Ga,1,2.267861577567854e-11,1.0,0.007698148845785606,0.9923018573058977,1.0,1.0,0.0,1,1,10.510162844996483,0.9923018573058977,0.9923018573058977,0.007698142694102295,1,1
Exp3_JuSi_to_Ga,Ju_Si,Ga,GaPt15,Ga,1,1.0227662292064116e-13,1.0,0.00941286451901154,0.9905871397091283,1.0,1.0,0.0,1,1,10.510162844996483,0.9905871397091283,0.9905871397091283,0.009412860290871738,1,1
Exp3_JuSi_to_Ga,Ju_Si,Ga,GaPt16,Ga,1,9.460745966682598e-10,0.9999999991721578,0.02732920514164208,0.9726707964307733,0.9999999991721578,0.9999999991721578,8.278422392038465e-10,1,1,10.510162844996483,0.9726707964307733,0.9726707964307733,0.027329203569226745,1,1
Exp3_JuSi_to_Ga,Ju_Si,Ga,GaPt17,Ga,1,2.606797440042228e-11,1.0,0.011522475548392525,0.9884775218864282,1.0,1.0,0.0,1,1,10.510162844996483,0.9884775218864282,0.9884775218864282,0.011522478113571766,1,1
Exp3_JuSi_to_Ga,Ju_Si,Ga,GaPt18,Ga,1,0.042079907626312946,0.9579200918726466,0.08103852325358377,0.9189614701188273,0.9579200918726466,0.9579200918726466,0.042079908127353405,1,1,10.510162844996483,0.9189614701188273,0.9189614701188273,0.08103852988117266,1,1
Exp3_JuSi_to_Ga,Ju_Si,Ga,GaPt19,Ga,1,0.9999937783512806,6.222187627167448e-06,0.9599749330017303,0.04002506292898842,6.222187627167448e-06,0.9999937783512806,6.221648719439976e-06,0,0,10.510162844996483,0.04002506292898842,0.9599749330017303,0.04002506699826969,0,0
Exp3_JuSi_to_Ga,Ju_Si,Ga,GaPt20,Ga,1,1.6890276646943331e-15,1.0,0.011433427266537266,0.9885665712257227,1.0,1.0,0.0,1,1,10.510162844996483,0.9885665712257227,0.9885665712257227,0.011433428774277332,1,1
Exp3_JuSi_to_Ga,Ju_Si,Ga,GaPt21,Ga,1,0.06290748436057643,0.9370925180818529,0.22278446930512372,0.7772155321306653,0.9370925180818529,0.9370925180818529,0.0629074819181471,1,1,10.510162844996483,0.7772155321306653,0.7772155321306653,0.2227844678693347,1,1
Exp3_JuSi_to_Ga,Ju_Si,Ga,GaPt22,Ga,1,0.16433932081335298,0.8356606880689736,0.31984819629643524,0.6801518014528686,0.8356606880689736,0.8356606880689736,0.16433931193102636,1,1,10.510162844996483,0.6801518014528686,0.6801518014528686,0.3198481985471314,1,1
Exp3_JuSi_to_Ga,Ju_Si,Ga,GaPt23,Ga,1,0.00394787702523628,0.9960521227783627,0.046977994996672746,0.9530220044155916,0.9960521227783627,0.9960521227783627,0.003947877221637253,1,1,10.510162844996483,0.9530220044155916,0.9530220044155916,0.046977995584408405,1,1
Exp3_JuSi_to_Ga,Ju_Si,Ga,GaPt24,Ga,1,5.8655412136334886e-05,0.9999413448903295,0.04651520542392973,0.9534847947458426,0.9999413448903295,0.9999413448903295,5.865510967051346e-05,1,1,10.510162844996483,0.9534847947458426,0.9534847947458426,0.04651520525415742,1,1
Exp3_JuSi_to_Ga,Ju_Si,Ga,GaPt25,Ga,1,0.9999758812288443,2.411958974633525e-05,0.9670245986845759,0.03297539737023827,2.411958974633525e-05,0.9999758812288443,2.411877115571226e-05,0,0,10.510162844996483,0.03297539737023827,0.9670245986845759,0.03297540131542409,0,0
Exp3_JuSi_to_Ga,Ju_Si,Ga,GaPt26,Ga,1,0.022919929538164616,0.9770800718817757,0.16798840191525719,0.8320115972310305,0.9770800718817757,0.9770800718817757,0.022919928118224298,1,1,10.510162844996483,0.8320115972310305,0.8320115972310305,0.16798840276896954,1,1
Exp3_JuSi_to_Ga,Ju_Si,Ga,GaPt27,Ga,1,1.0,4.4442121039502e-11,0.9920943164163165,0.007905681727910027,4.4442121039502e-11,1.0,0.0,0,0,10.510162844996483,0.007905681727910027,0.9920943164163165,0.007905683583683487,0,0
Exp3_JuSi_to_Ga,Ju_Si,Ga,GaPt28,Ga,1,0.9496521156420558,0.050347886801672063,0.8742147643287251,0.12578523708200212,0.050347886801672063,0.9496521156420558,0.05034788435794424,0,0,10.510162844996483,0.12578523708200212,0.8742147643287251,0.12578523567127486,0,0
Exp3_JuSi_to_Ga,Ju_Si,Ga,GaPt29,Ga,1,0.5596679921285741,0.4403320048738634,0.5208550874053294,0.47914491097132367,0.4403320048738634,0.5596679921285741,0.4403320078714259,0,0,10.510162844996483,0.47914491097132367,0.5208550874053294,0.4791449125946706,0,0
Exp3_JuSi_to_Ga,Ju_Si,Ga,GaPt30,Ga,1,2.0622884093583988e-10,1.0,0.01775837171428268,0.9822416288985146,1.0,1.0,0.0,1,1,10.510162844996483,0.9822416288985146,0.9822416288985146,0.01775837110148537,1,1
Exp3_JuSi_to_Ga,Ju_Si,Ga,GaPt31,Ga,1,1.3007553657674143e-14,1.0,0.016333457844060224,0.9836665441592535,1.0,1.0,0.0,1,1,10.510162844996483,0.9836665441592535,0.9836665441592535,0.016333455840746525,1,1
Exp3_JuSi_to_Ga,Ju_Si,Ga,GaPt32,Ga,1,4.790545868212711e-18,1.0,0.00465735166572914,0.995342650761207,1.0,1.0,0.0,1,1,10.510162844996483,0.995342650761207,0.995342650761207,0.004657349238793018,1,1
Exp3_JuSi_to_Ga,Ju_Si,Ga,GaPt33,Ga,1,1.9497952722527464e-21,1.0,0.0024093150954690324,0.9975906850563155,1.0,1.0,0.0,1,1,10.510162844996483,0.9975906850563155,0.9975906850563155,0.0024093149436844596,1,1
