recording_key,recording_id,subject_id,task,label,label_name,duration,num_chunks,embedding_dim
ReadText_ID00_hc_0_0_0.wav,ID00_hc_0_0_0.wav,ID00,ReadText,0,HC,151.114716553288,19,768
ReadText_ID01_hc_0_0_0.wav,ID01_hc_0_0_0.wav,ID01,ReadText,0,HC,164.1050566893424,21,768
ReadText_ID03_hc_0_0_0.wav,ID03_hc_0_0_0.wav,ID03,ReadText,0,HC,139.55532879818594,18,768
ReadText_ID05_hc_0_0_0.wav,ID05_hc_0_0_0.wav,ID05,ReadText,0,HC,110.92691609977324,14,768
ReadText_ID08_hc_0_0_0.wav,ID08_hc_0_0_0.wav,ID08,ReadText,0,HC,146.10476190476192,19,768
ReadText_ID09_hc_0_0_0.wav,ID09_hc_0_0_0.wav,ID09,ReadText,0,HC,125.47598639455782,16,768
ReadText_ID10_hc_0_0_0.wav,ID10_hc_0_0_0.wav,ID10,ReadText,0,HC,136.77233560090704,17,768
ReadText_ID11_hc_0_0_0.wav,ID11_hc_0_0_0.wav,ID11,ReadText,0,HC,148.38630385487528,19,768
ReadText_ID12_hc_0_0_0.wav,ID12_hc_0_0_0.wav,ID12,ReadText,0,HC,130.53124716553287,17,768
ReadText_ID14_hc_0_0_0.wav,ID14_hc_0_0_0.wav,ID14,ReadText,0,HC,168.41766439909298,21,768
ReadText_ID15_hc_0_0_0.wav,ID15_hc_0_0_0.wav,ID15,ReadText,0,HC,170.63448979591837,22,768
ReadText_ID19_hc_0_0_0.wav,ID19_hc_0_0_0.wav,ID19,ReadText,0,HC,141.25108843537416,18,768
ReadText_ID21_hc_0_0_0.wav,ID21_hc_0_0_0.wav,ID21,ReadText,0,HC,122.20575963718821,16,768
ReadText_ID22_hc_0_0_0.wav,ID22_hc_0_0_0.wav,ID22,ReadText,0,HC,167.4401814058957,21,768
ReadText_ID23_hc_0_0_0.wav,ID23_hc_0_0_0.wav,ID23,ReadText,0,HC,203.59596371882085,26,768
ReadText_ID25_hc_0_0_0.wav,ID25_hc_0_0_0.wav,ID25,ReadText,0,HC,174.34809523809523,22,768
ReadText_ID26_hc_0_0_0.wav,ID26_hc_0_0_0.wav,ID26,ReadText,0,HC,153.74072562358276,19,768
ReadText_ID28_hc_0_0_0.wav,ID28_hc_0_0_0.wav,ID28,ReadText,0,HC,145.78263038548752,18,768
ReadText_ID31_hc_0_1_1.wav,ID31_hc_0_1_1.wav,ID31,ReadText,0,HC,192.97562358276645,24,768
ReadText_ID35_hc_0_0_0.wav,ID35_hc_0_0_0.wav,ID35,ReadText,0,HC,93.23818594104308,12,768
ReadText_ID36_hc_0_0_0.wav,ID36_hc_0_0_0.wav,ID36,ReadText,0,HC,158.59467120181407,20,768
ReadText_ID02_pd_2_0_0.wav,ID02_pd_2_0_0.wav,ID02,ReadText,1,PD,157.55666666666667,20,768
ReadText_ID04_pd_2_0_1.wav,ID04_pd_2_0_1.wav,ID04,ReadText,1,PD,122.48226757369615,16,768
ReadText_ID06_pd_3_1_1.wav,ID06_pd_3_1_1.wav,ID06,ReadText,1,PD,178.92011337868482,23,768
ReadText_ID07_pd_2_0_0.wav,ID07_pd_2_0_0.wav,ID07,ReadText,1,PD,147.66569160997733,19,768
ReadText_ID13_pd_3_2_2.wav,ID13_pd_3_2_2.wav,ID13,ReadText,1,PD,93.36138321995465,12,768
ReadText_ID16_pd_2_0_0.wav,ID16_pd_2_0_0.wav,ID16,ReadText,1,PD,167.2638321995465,21,768
ReadText_ID17_pd_2_1_0.wav,ID17_pd_2_1_0.wav,ID17,ReadText,1,PD,109.41208616780045,14,768
ReadText_ID18_pd_4_3_3.wav,ID18_pd_4_3_3.wav,ID18,ReadText,1,PD,85.74224489795918,11,768
ReadText_ID20_pd_3_0_1.wav,ID20_pd_3_0_1.wav,ID20,ReadText,1,PD,141.08097505668934,18,768
ReadText_ID24_pd_2_0_0.wav,ID24_pd_2_0_0.wav,ID24,ReadText,1,PD,141.93798185941043,18,768
ReadText_ID27_pd_4_1_1.wav,ID27_pd_4_1_1.wav,ID27,ReadText,1,PD,83.77777777777777,11,768
ReadText_ID29_pd_3_1_2.wav,ID29_pd_3_1_2.wav,ID29,ReadText,1,PD,155.27170068027212,20,768
ReadText_ID30_pd_2_1_1.wav,ID30_pd_2_1_1.wav,ID30,ReadText,1,PD,132.25421768707483,17,768
ReadText_ID32_pd_3_1_1.wav,ID32_pd_3_1_1.wav,ID32,ReadText,1,PD,73.03902494331066,9,768
ReadText_ID33_pd_3_2_2.wav,ID33_pd_3_2_2.wav,ID33,ReadText,1,PD,118.36952380952381,15,768
ReadText_ID34_pd_2_0_0.wav,ID34_pd_2_0_0.wav,ID34,ReadText,1,PD,127.92086167800454,16,768
SpontaneousDialogue_ID00_hc_0_0_0.wav,ID00_hc_0_0_0.wav,ID00,SpontaneousDialogue,0,HC,119.8397052154195,15,768
SpontaneousDialogue_ID01_hc_0_0_0.wav,ID01_hc_0_0_0.wav,ID01,SpontaneousDialogue,0,HC,117.08081632653061,15,768
SpontaneousDialogue_ID03_hc_0_0_0.wav,ID03_hc_0_0_0.wav,ID03,SpontaneousDialogue,0,HC,154.11324263038549,20,768
SpontaneousDialogue_ID05_hc_0_0_0.wav,ID05_hc_0_0_0.wav,ID05,SpontaneousDialogue,0,HC,184.48895691609977,23,768
SpontaneousDialogue_ID08_hc_0_0_0.wav,ID08_hc_0_0_0.wav,ID08,SpontaneousDialogue,0,HC,128.384126984127,16,768
SpontaneousDialogue_ID09_hc_0_0_0.wav,ID09_hc_0_0_0.wav,ID09,SpontaneousDialogue,0,HC,141.29226757369614,18,768
SpontaneousDialogue_ID10_hc_0_0_0.wav,ID10_hc_0_0_0.wav,ID10,SpontaneousDialogue,0,HC,169.45242630385488,21,768
SpontaneousDialogue_ID11_hc_0_0_0.wav,ID11_hc_0_0_0.wav,ID11,SpontaneousDialogue,0,HC,166.20925170068028,21,768
SpontaneousDialogue_ID12_hc_0_0_0.wav,ID12_hc_0_0_0.wav,ID12,SpontaneousDialogue,0,HC,165.2097052154195,21,768
SpontaneousDialogue_ID14_hc_0_0_0.wav,ID14_hc_0_0_0.wav,ID14,SpontaneousDialogue,0,HC,138.86360544217686,18,768
SpontaneousDialogue_ID15_hc_0_0_0.wav,ID15_hc_0_0_0.wav,ID15,SpontaneousDialogue,0,HC,220.63916099773243,28,768
SpontaneousDialogue_ID19_hc_0_0_0.wav,ID19_hc_0_0_0.wav,ID19,SpontaneousDialogue,0,HC,91.95272108843537,12,768
SpontaneousDialogue_ID21_hc_0_0_0.wav,ID21_hc_0_0_0.wav,ID21,SpontaneousDialogue,0,HC,89.0958276643991,11,768
SpontaneousDialogue_ID22hc_0_0_0.wav,ID22hc_0_0_0.wav,ID22,SpontaneousDialogue,0,HC,150.24362811791383,19,768
SpontaneousDialogue_ID23_hc_0_0_0.wav,ID23_hc_0_0_0.wav,ID23,SpontaneousDialogue,0,HC,143.88263038548752,18,768
SpontaneousDialogue_ID25_hc_0_0_0.wav,ID25_hc_0_0_0.wav,ID25,SpontaneousDialogue,0,HC,141.75095238095238,18,768
SpontaneousDialogue_ID26_hc_0_0_0.wav,ID26_hc_0_0_0.wav,ID26,SpontaneousDialogue,0,HC,130.29736961451246,17,768
SpontaneousDialogue_ID28_hc_0_0_0.wav,ID28_hc_0_0_0.wav,ID28,SpontaneousDialogue,0,HC,116.31260770975057,15,768
SpontaneousDialogue_ID31_hc_0_1_1.wav,ID31_hc_0_1_1.wav,ID31,SpontaneousDialogue,0,HC,76.35263038548753,10,768
SpontaneousDialogue_ID35_hc_0_0_0.wav,ID35_hc_0_0_0.wav,ID35,SpontaneousDialogue,0,HC,148.45832199546484,19,768
SpontaneousDialogue_ID36_hc_0_0_0.wav,ID36_hc_0_0_0.wav,ID36,SpontaneousDialogue,0,HC,113.37485260770976,14,768
SpontaneousDialogue_ID02_pd_2_0_0.wav,ID02_pd_2_0_0.wav,ID02,SpontaneousDialogue,1,PD,189.3842857142857,24,768
SpontaneousDialogue_ID04_pd_2_0_1.wav,ID04_pd_2_0_1.wav,ID04,SpontaneousDialogue,1,PD,146.88662131519274,19,768
SpontaneousDialogue_ID06_pd_3_1_1.wav,ID06_pd_3_1_1.wav,ID06,SpontaneousDialogue,1,PD,128.32052154195011,16,768
SpontaneousDialogue_ID07_pd_2_0_0.wav,ID07_pd_2_0_0.wav,ID07,SpontaneousDialogue,1,PD,209.27145124716554,26,768
SpontaneousDialogue_ID13_pd_3_2_2.wav,ID13_pd_3_2_2.wav,ID13,SpontaneousDialogue,1,PD,199.45385487528344,25,768
SpontaneousDialogue_ID16_pd_2_0_0.wav,ID16_pd_2_0_0.wav,ID16,SpontaneousDialogue,1,PD,156.59648526077098,20,768
SpontaneousDialogue_ID17_pd_2_1_0.wav,ID17_pd_2_1_0.wav,ID17,SpontaneousDialogue,1,PD,154.34918367346938,20,768
SpontaneousDialogue_ID20_pd_3_0_1.wav,ID20_pd_3_0_1.wav,ID20,SpontaneousDialogue,1,PD,110.2866439909297,14,768
SpontaneousDialogue_ID24_pd_2_0_0.wav,ID24_pd_2_0_0.wav,ID24,SpontaneousDialogue,1,PD,139.58074829931974,18,768
SpontaneousDialogue_ID27_pd_4_1_1.wav,ID27_pd_4_1_1.wav,ID27,SpontaneousDialogue,1,PD,172.30349206349206,22,768
SpontaneousDialogue_ID29_pd_3_1_2.wav,ID29_pd_3_1_2.wav,ID29,SpontaneousDialogue,1,PD,140.7536961451247,18,768
SpontaneousDialogue_ID30_pd_2_1_1.wav,ID30_pd_2_1_1.wav,ID30,SpontaneousDialogue,1,PD,132.5511111111111,17,768
SpontaneousDialogue_ID32_pd_3_1_1.wav,ID32_pd_3_1_1.wav,ID32,SpontaneousDialogue,1,PD,105.36634920634921,13,768
SpontaneousDialogue_ID33_pd_3_2_2.wav,ID33_pd_3_2_2.wav,ID33,SpontaneousDialogue,1,PD,122.89267573696145,16,768
SpontaneousDialogue_ID34_pd_2_0_0.wav,ID34_pd_2_0_0.wav,ID34,SpontaneousDialogue,1,PD,121.94326530612246,15,768
