subject_id,task,true_label,label_name,num_recordings,num_chunks,baseline_probability,baseline_prediction,baseline_correct,mc_mean_probability,mc_variance,mc_predictive_entropy,mc_expected_entropy,mc_mutual_information,mc_prediction,mc_correct,member_0_probability,member_1_probability,member_2_probability,member_3_probability,member_4_probability,ensemble_mean_probability,ensemble_variance,ensemble_std,ensemble_predictive_entropy,ensemble_expected_entropy,ensemble_mutual_information,ensemble_prediction,member_agreement,prediction_agreement,ensemble_correct
ID04,ReadText,1,PD,1,16,0.5197534561157227,1,1,0.5196680565675099,7.45875083764918e-05,0.6923733160189436,0.6922238759031154,0.00014944011582818106,1,1,0.894770622253418,0.5798060894012451,0.5076925754547119,0.5028001070022583,0.5097835659980774,0.5989705920219421,0.022679940030798207,0.15059860567348626,0.6734268489874462,0.6191788055444731,0.05424804344297307,1,"5/5 PD, 0/5 Healthy",1.0,1
ID04,SpontaneousDialogue,1,PD,1,19,0.5103065967559814,1,1,0.5094332297643026,1.7866067908853564e-05,0.6929691983529005,0.6929334512904687,3.574706243181236e-05,1,1,0.6310923099517822,0.5413141846656799,0.49662166833877563,0.4821065664291382,0.4896106421947479,0.5281490743160248,0.0030739461008424487,0.05544317902900634,0.691561601592693,0.6853327343708708,0.006228867221822143,1,"2/5 PD, 3/5 Healthy",0.6,1
ID10,ReadText,0,HC,1,17,0.5098187923431396,1,0,0.5098426749308904,7.891798937468547e-05,0.6929534115445544,0.6927954859669254,0.00015792557762894788,1,0,0.8949121236801147,0.5697187781333923,0.5139172077178955,0.5070227384567261,0.5097667574882507,0.5990675210952758,0.022416564370413145,0.14972162292205207,0.6733879436435526,0.6196558354593411,0.05373210818421148,1,"5/5 PD, 0/5 Healthy",1.0,0
ID10,SpontaneousDialogue,0,HC,1,21,0.49816492199897766,0,1,0.4968388020992279,3.4910657645982704e-05,0.6931271940824562,0.6930573675005839,6.982658187226765e-05,0,1,0.29692980647087097,0.500983715057373,0.4936891496181488,0.47487664222717285,0.47189489006996155,0.44767484068870544,0.005801953370602675,0.07617055448533032,0.6876612969647183,0.6755808104568267,0.012080486507891619,0,"1/5 PD, 4/5 Healthy",0.8,1
ID13,ReadText,1,PD,1,12,0.49659350514411926,0,0,0.49435115257898965,0.00011023924886915479,0.6930833602478845,0.6928628231630576,0.0002205370848269439,0,0,0.13243156671524048,0.4977744221687317,0.4795466661453247,0.46160343289375305,0.45474979281425476,0.40522117614746095,0.018827319114282162,0.13721267840211473,0.6750719597964397,0.6311345298212322,0.043937429975207554,0,"0/5 PD, 5/5 Healthy",1.0,0
ID13,SpontaneousDialogue,1,PD,1,25,0.5073278546333313,1,1,0.5052171240250269,6.550557773250434e-05,0.6930927428059301,0.6929617055618497,0.00013103724408047857,1,1,0.2534618675708771,0.5165130496025085,0.48025164008140564,0.46188536286354065,0.47426527738571167,0.4372754395008087,0.008777375666256759,0.09368764948624103,0.6852576695233844,0.666627237573933,0.018630431949451354,0,"1/5 PD, 4/5 Healthy",0.8,0
ID23,ReadText,0,HC,1,26,0.4911291003227234,0,1,0.4887744903564453,0.00014187081136041022,0.6928951352501057,0.692611222033144,0.00028391321696175087,0,1,0.08907884359359741,0.4604939818382263,0.49709078669548035,0.47199705243110657,0.44876807928085327,0.3934857487678528,0.023421566394163807,0.15304106113773455,0.6702817951695477,0.6126041401308353,0.05767765503871236,0,"0/5 PD, 5/5 Healthy",1.0,1
ID23,SpontaneousDialogue,0,HC,1,18,0.4945097267627716,0,1,0.4929524302482605,7.014579697672237e-05,0.6930478407916272,0.6929075118559089,0.000140328935718248,0,1,0.18616075813770294,0.4818214476108551,0.4981864094734192,0.479499489068985,0.4635181128978729,0.421837243437767,0.014006587015638986,0.11834942761010289,0.6808780879670187,0.6498047931939317,0.031073294773086957,0,"0/5 PD, 5/5 Healthy",1.0,1
ID29,ReadText,1,PD,1,20,0.5183701515197754,1,1,0.5189472585916519,0.00010660528476174787,0.6924290114048861,0.6922154181244224,0.00021359328046366421,1,1,0.9233848452568054,0.586185872554779,0.5197467803955078,0.5025627017021179,0.5170651078224182,0.6097890615463257,0.02542045246520729,0.15943792668373258,0.6688423486892214,0.6053412093500403,0.06350113933918111,1,"5/5 PD, 0/5 Healthy",1.0,1
ID29,SpontaneousDialogue,1,PD,1,18,0.5140767693519592,1,1,0.5138642390569051,4.6180426849989296e-05,0.6927626970323035,0.6926702523374513,9.244469485225615e-05,1,1,0.8249530792236328,0.5730887055397034,0.5036882162094116,0.4942496418952942,0.5093016028404236,0.5810562491416931,0.015643814864465925,0.12507523681555005,0.6799487805949778,0.645079844760592,0.03486893583438577,1,"4/5 PD, 1/5 Healthy",0.8,1
ID35,ReadText,0,HC,1,12,0.5035553574562073,1,0,0.5019646137952805,1.5105491559615676e-05,0.6931394611253529,0.6931092491725926,3.0211952760206273e-05,1,0,0.4535767138004303,0.522750735282898,0.4926905930042267,0.4785653054714203,0.4786349833011627,0.4852436661720276,0.0005106616031943645,0.022597822974666486,0.6927116185420962,0.6916889315432051,0.0010226869988910758,0,"1/5 PD, 4/5 Healthy",0.8,1
ID35,SpontaneousDialogue,0,HC,1,19,0.5027763843536377,1,0,0.5012753615776698,4.595749650482163e-05,0.6931439274621102,0.6930520039887433,9.192347336683948e-05,1,0,0.3790163993835449,0.5243872404098511,0.48779648542404175,0.465066134929657,0.48128974437713623,0.4675112009048462,0.0023347066283869824,0.04831880201729946,0.6910346484097523,0.6863076792962912,0.004726969113461044,0,"1/5 PD, 4/5 Healthy",0.8,1
