experiment,test_cohort,subject_id,true_label,predicted_probability,prediction,confidence,predictive_entropy,expected_entropy,mutual_information,is_correct
Exp1_GaJu_to_Si,Si,SiCo01,0,0.822223536670208,1,0.822223536670208,0.45901440891126793,0.35940688631186885,0.09960752259939909,0
Exp1_GaJu_to_Si,Si,SiCo03,0,0.6501394504060348,1,0.6501394504060348,0.6064518156150976,0.49886249378323555,0.10758932183186214,0
Exp1_GaJu_to_Si,Si,SiCo04,0,0.6075428978850445,1,0.6075428978850445,0.6275100596249104,0.5323913299168149,0.09511872970809539,0
Exp1_GaJu_to_Si,Si,SiCo05,0,0.6793443703403076,1,0.6793443703403076,0.6113011005024115,0.46904767739276093,0.1422534231096506,0
Exp1_GaJu_to_Si,Si,SiCo06,0,0.7165514640510082,1,0.7165514640510082,0.569959538988769,0.4345573553194602,0.1354021836693088,0
Exp1_GaJu_to_Si,Si,SiCo07,0,0.25907898632188636,0,0.7409210177138448,0.5000038736810287,0.35919794129828614,0.14080593238274255,1
Exp1_GaJu_to_Si,Si,SiCo08,0,0.5946276945372423,1,0.5946276945372423,0.6335618092368046,0.5141266379505396,0.11943517128626506,0
Exp1_GaJu_to_Si,Si,SiCo09,0,0.7885363474488258,1,0.7885363474488258,0.48792812662820023,0.3893018200372656,0.09862630659093459,0
Exp1_GaJu_to_Si,Si,SiCo10,0,0.7399049128095309,1,0.7399049128095309,0.5340460023532311,0.44552964251488447,0.08851635983834664,0
Exp1_GaJu_to_Si,Si,SiCo11,0,0.6715673363457123,1,0.6715673363457123,0.5787706614161531,0.33097453508526087,0.24779612633089224,0
Exp1_GaJu_to_Si,Si,SiCo12,0,0.7249432218571504,1,0.7249432218571504,0.5712493670483431,0.39495883230119944,0.1762905347471436,0
Exp1_GaJu_to_Si,Si,SiCo13,0,0.3325934608777364,0,0.6674065372596184,0.5977114432801803,0.4294731492797534,0.16823829400042692,1
Exp1_GaJu_to_Si,Si,SiCo14,0,0.880657784640789,1,0.880657784640789,0.3504813713952899,0.2821585868174831,0.06832278457780679,0
Exp1_GaJu_to_Si,Si,SiCo15,0,0.6846541383614143,1,0.6846541383614143,0.5762697992225488,0.43044627519945305,0.14582352402309576,0
Exp1_GaJu_to_Si,Si,SiCo16,0,0.9407717560728391,1,0.9407717560728391,0.2133337624836713,0.1544419853016734,0.058891777181997895,0
Exp1_GaJu_to_Si,Si,SiCo17,0,0.7561316005885601,1,0.7561316005885601,0.5255410394941767,0.42107252310961485,0.10446851638456185,0
Exp1_GaJu_to_Si,Si,SiCo18,0,0.13618088195410868,0,0.86381912479798,0.3472514362074435,0.2436882983893156,0.10356313781812787,1
Exp1_GaJu_to_Si,Si,SiCo19,0,0.4513909990588824,0,0.5486090180153648,0.6324752885848284,0.5152303781360388,0.1172449104487896,1
Exp1_GaJu_to_Si,Si,SiCo20,0,0.8800654746592045,1,0.8800654746592045,0.33941574456791085,0.25250268256058916,0.08691306200732167,0
Exp1_GaJu_to_Si,Si,SiCo21,0,0.7249608313043913,1,0.7249608313043913,0.5735633646448454,0.31285828227798146,0.2607050823668639,0
Exp1_GaJu_to_Si,Si,SiCo22,0,0.5402554664760828,1,0.5402554664760828,0.6621104603012403,0.4619334867844979,0.20017697351674238,0
Exp1_GaJu_to_Si,Si,SiCo23,0,0.8942258842289448,1,0.8942258842289448,0.32635729232182104,0.26722637269025046,0.05913091963157058,0
Exp1_GaJu_to_Si,Si,SiCo24,0,0.9796501609186331,1,0.9796501609186331,0.09582023367208119,0.07948738100822084,0.016332852663860347,0
Exp1_GaJu_to_Si,Si,SiCo25,0,0.6831429433077574,1,0.6831429433077574,0.5603677596276005,0.4273267453536391,0.1330410142739614,0
Exp1_GaJu_to_Si,Si,SiCo26,0,0.8386401273310184,1,0.8386401273310184,0.4297847632939617,0.360088587893794,0.0696961754001677,0
Exp1_GaJu_to_Si,Si,SiCo27,0,0.9391773554186026,1,0.9391773554186026,0.22433726334323487,0.1528823492117226,0.07145491413151224,0
Exp1_GaJu_to_Si,Si,SiCo28,0,0.9772400297224522,1,0.9772400297224522,0.1035116738639772,0.08416446612682194,0.01934720773715526,0
Exp1_GaJu_to_Si,Si,SiCo29,0,0.6945798570911089,1,0.6945798570911089,0.567222618808349,0.463894784450531,0.10332783435781796,0
Exp1_GaJu_to_Si,Si,SiCo30,0,0.5525806713849306,1,0.5525806713849306,0.6250797510147095,0.4562364872545004,0.16884326376020908,0
Exp1_GaJu_to_Si,Si,SiPt02,1,0.9930495123068491,1,0.9930495123068491,0.03825830366501274,0.027500634096213616,0.010757669568799125,1
Exp1_GaJu_to_Si,Si,SiPt04,1,0.3094604411162436,0,0.6905395593494177,0.5749935563653708,0.4375459173073371,0.13744763905803362,0
Exp1_GaJu_to_Si,Si,SiPt05,1,0.45656768372282386,0,0.5434323208252559,0.45866862946180237,0.34917906414375466,0.10948956531804772,0
Exp1_GaJu_to_Si,Si,SiPt07,1,0.9869460674623648,1,0.9869460674623648,0.06750808118764932,0.05111955653410405,0.01638852465354527,1
Exp1_GaJu_to_Si,Si,SiPt08,1,0.8505061840017637,1,0.8505061840017637,0.36680824336751056,0.2877727209124714,0.07903552245503913,1
Exp1_GaJu_to_Si,Si,SiPt09,1,0.5043839439749718,1,0.5043839439749718,0.6534964827199777,0.4877710888783137,0.165725393841664,1
Exp1_GaJu_to_Si,Si,SiPt10,1,0.7471851979692777,1,0.7471851979692777,0.5352267217822373,0.41433901883040863,0.12088770295182864,1
Exp1_GaJu_to_Si,Si,SiPt12,1,0.9959001305202643,1,0.9959001305202643,0.025773357861908153,0.022036493484241266,0.0037368643776668855,1
Exp1_GaJu_to_Si,Si,SiPt13,1,0.87060272321105,1,0.87060272321105,0.371458756737411,0.2783512685758372,0.09310748816157381,1
Exp1_GaJu_to_Si,Si,SiPt14,1,0.7210539722194275,1,0.7210539722194275,0.541322361988326,0.37852285197004676,0.16279951001827916,1
Exp1_GaJu_to_Si,Si,SiPt15,1,0.9843411892652512,1,0.9843411892652512,0.07633268155041151,0.06287756944463278,0.01345511210577873,1
Exp1_GaJu_to_Si,Si,SiPt16,1,0.35536524653434753,0,0.6446347460150719,0.6264906395226717,0.44407860438028973,0.182412035142382,0
Exp1_GaJu_to_Si,Si,SiPt17,1,0.35374873752395314,0,0.646251275514563,0.6112334989011288,0.42037650384008884,0.19085699506103992,0
Exp1_GaJu_to_Si,Si,SiPt18,1,0.5911568030714989,1,0.5911568030714989,0.6117418433229128,0.45158593604962033,0.16015590727329254,1
Exp1_GaJu_to_Si,Si,SiPt19,1,0.8087844587862492,1,0.8087844587862492,0.4339396307865779,0.33199560657764476,0.10194402420893312,1
Exp1_GaJu_to_Si,Si,SiPt20,1,0.9411109214027723,1,0.9411109214027723,0.21947324524323145,0.17768446782914302,0.04178877741408845,1
Exp1_GaJu_to_Si,Si,SiPt21,1,0.8075109509130319,1,0.8075109509130319,0.4712675157934427,0.38904906281580526,0.08221845297763745,1
Exp1_GaJu_to_Si,Si,SiPt22,1,0.9935601477821668,1,0.9935601477821668,0.037612217400843896,0.03240076211902002,0.0052114552818238735,1
Exp1_GaJu_to_Si,Si,SiPt23,1,0.9312296907107035,1,0.9312296907107035,0.2413219310110435,0.15584679027476037,0.08547514073628311,1
Exp1_GaJu_to_Si,Si,SiPt24,1,0.8491863757371902,1,0.8491863757371902,0.39722866161415976,0.3028763582309087,0.09435230338325103,1
Exp1_GaJu_to_Si,Si,SiPt25,1,0.7733399731417497,1,0.7733399731417497,0.5047609555767849,0.42097053211182356,0.08379042346496135,1
Exp1_GaJu_to_Si,Si,SiPt27,1,0.9904560061792532,1,0.9904560061792532,0.05067790672183037,0.044624379894230515,0.006053526827599853,1
Exp1_GaJu_to_Si,Si,SiPt28,1,0.8083154323200384,1,0.8083154323200384,0.4521889863535762,0.33198063385983306,0.1202083524937431,1
Exp1_GaJu_to_Si,Si,SiPt29,1,0.9853747909267744,1,0.9853747909267744,0.07468000314353655,0.062409332992198564,0.012270670151337981,1
Exp1_GaJu_to_Si,Si,SiPt30,1,0.8534079355498155,1,0.8534079355498155,0.4025076885397236,0.3425896242260933,0.05991806431363026,1
Exp1_GaJu_to_Si,Si,SiPt31,1,0.9364614288012186,1,0.9364614288012186,0.2242550296553721,0.18148287828080356,0.042772151374568544,1
Exp1_GaJu_to_Si,Si,SiPt32,1,0.6070621963590384,1,0.6070621963590384,0.628025658428669,0.49700376329322654,0.1310218951354424,1
Exp1_GaJu_to_Si,Si,SiPt33,1,0.5132265894984206,1,0.5132265894984206,0.6515930307408174,0.5090525820851326,0.1425404486556848,1
Exp1_GaJu_to_Si,Si,SiPt34,1,0.3347462924818198,0,0.6652537084495028,0.5606292051573595,0.4483394070218007,0.11228979813555877,0
Exp1_GaJu_to_Si,Si,SiPt35,1,0.304909845503668,0,0.6950901510814825,0.5657731431225935,0.4244211930781603,0.14135195004443327,0
Exp1_GaJu_to_Si,Si,SiPt36,1,0.8730143383145332,1,0.8730143383145332,0.36057297978550196,0.2691598754997055,0.09141310428579648,1
Exp1_GaJu_to_Si,Si,SiPt37,1,0.6790139029423395,1,0.6790139029423395,0.5541226783922563,0.4268093875143677,0.1273132908778886,1
Exp1_GaJu_to_Si,Si,SiPt38,1,0.6008363335082928,1,0.6008363335082928,0.6448103406776985,0.47694871698816615,0.16786162368953228,1
Exp1_GaJu_to_Si,Si,SiPt39,1,0.899184430638949,1,0.899184430638949,0.3143838536925614,0.23248563396433988,0.08189821972822149,1
Exp1_GaJu_to_Si,Si,SiPt40,1,0.7451643118013939,1,0.7451643118013939,0.5410979880640904,0.3982378176103036,0.14286017045378685,1
Exp2_GaSi_to_Ju,Ju,JuCo01,0,0.8884015395527795,1,0.8884015395527795,0.2999997727387208,0.1969583968138544,0.10304137592486638,0
Exp2_GaSi_to_Ju,Ju,JuCo02,0,0.08701065271816333,0,0.9129893388599157,0.15033142920583487,0.09652678007842042,0.05380464912741445,1
Exp2_GaSi_to_Ju,Ju,JuCo03,0,0.900678563863039,1,0.900678563863039,0.30744386510923505,0.21157594956457615,0.0958679155446589,0
Exp2_GaSi_to_Ju,Ju,JuCo04,0,0.03829966951727531,0,0.9617003434234195,0.09356640627892274,0.061152033708317,0.03241437257060574,1
Exp2_GaSi_to_Ju,Ju,JuCo05,0,0.031061006407253445,0,0.9689390012196132,0.12641415439013923,0.09391785868044411,0.03249629570969514,1
Exp2_GaSi_to_Ju,Ju,JuCo06,0,0.8492438585861869,1,0.8492438585861869,0.33952861257737665,0.24677445184383745,0.0927541607335392,0
Exp2_GaSi_to_Ju,Ju,JuCo07,0,0.17103657952975482,0,0.8289634129032493,0.376929220801685,0.27828437942662276,0.09864484137506224,1
Exp2_GaSi_to_Ju,Ju,JuCo08,0,0.1351466972387932,0,0.8648533184419979,0.2545757270841436,0.19933157820593228,0.05524414887821132,1
Exp2_GaSi_to_Ju,Ju,JuCo09,0,0.6873337414956862,1,0.6873337414956862,0.5549114889675572,0.3150532856102913,0.23985820335726585,0
Exp2_GaSi_to_Ju,Ju,JuCo11,0,0.9939897159735361,1,0.9939897159735361,0.032304685557998404,0.025086182377385233,0.007218503180613172,0
Exp2_GaSi_to_Ju,Ju,JuCo12,0,0.6662446876105509,1,0.6662446876105509,0.5582153052091599,0.3954791136478123,0.16273619156134755,0
Exp2_GaSi_to_Ju,Ju,JuCo13,0,0.004111335863699297,0,0.9958886884980731,0.01655716860280639,0.010323339167926961,0.006233829434879428,1
Exp2_GaSi_to_Ju,Ju,JuCo14,0,0.9984212402374514,1,0.9984212402374514,0.009826777989033988,0.006306027974020371,0.0035207500150136184,0
Exp2_GaSi_to_Ju,Ju,JuCo15,0,0.9959405892425113,1,0.9959405892425113,0.024174828080706194,0.018039960724612076,0.006134867356094118,0
Exp2_GaSi_to_Ju,Ju,JuCo16,0,0.1776823966683878,0,0.8223176134730844,0.16883558372113233,0.12521778815231907,0.04361779556881326,1
Exp2_GaSi_to_Ju,Ju,JuCo17,0,0.0004896451925771674,0,0.9995103840317044,0.003675762400494672,0.003055144764922651,0.0006206176355720215,1
Exp2_GaSi_to_Ju,Ju,JuCo18,0,0.06535889475223182,0,0.9346411211623086,0.14489951073968163,0.10086738268728368,0.044032128052397944,1
Exp2_GaSi_to_Ju,Ju,JuCo19,0,0.22809485761065254,0,0.7719051505110281,0.24950573122238412,0.18120629943030722,0.0682994317920769,1
Exp2_GaSi_to_Ju,Ju,JuCo20,0,0.8995777446599234,1,0.8995777446599234,0.2609443321846248,0.17586211731568688,0.08508221486893792,0
Exp2_GaSi_to_Ju,Ju,JuCo21,0,0.9585674577637723,1,0.9585674577637723,0.14305119655297235,0.09313677387667428,0.04991442267629808,0
Exp2_GaSi_to_Ju,Ju,JuCo22,0,0.7492408856357399,1,0.7492408856357399,0.350030954473799,0.2594932717160861,0.0905376827577129,0
Exp2_GaSi_to_Ju,Ju,JuCo23,0,0.9092033669839088,1,0.9092033669839088,0.13376957527781577,0.07425557387943207,0.0595140013983837,0
Exp2_GaSi_to_Ju,Ju,JuCo24,0,0.4784246028866619,0,0.5215753959491849,0.6019560173153877,0.42506790952757,0.17688810778781772,1
Exp2_GaSi_to_Ju,Ju,JuCo25,0,0.42925713391918124,0,0.5707428730798491,0.5901609306985681,0.3544351417909969,0.23572578890757126,1
Exp2_GaSi_to_Ju,Ju,JuCo26,0,0.21721730154240504,0,0.7827827213332057,0.47109241085126996,0.35779537353664637,0.1132970373146236,1
Exp2_GaSi_to_Ju,Ju,JuPt01,1,0.30702792443397303,0,0.692972073980075,0.4288430835516017,0.2677450972978211,0.1610979862537806,0
Exp2_GaSi_to_Ju,Ju,JuPt02,1,0.21531412018124352,0,0.784685918553309,0.3332755013623021,0.250952156429941,0.08232334493236108,0
Exp2_GaSi_to_Ju,Ju,JuPt03,1,0.8856057017447627,1,0.8856057017447627,0.25209867503512007,0.1463951618160502,0.10570351321906986,1
Exp2_GaSi_to_Ju,Ju,JuPt04,1,0.9998562026023865,1,0.9998562026023865,0.0011415886011673137,0.0006910372688980715,0.0004505513322692423,1
Exp2_GaSi_to_Ju,Ju,JuPt05,1,0.43925030704806833,0,0.5607496692853815,0.5567246719318277,0.4458509254104951,0.11087374652133268,0
Exp2_GaSi_to_Ju,Ju,JuPt06,1,0.9999832083871741,1,0.9999832083871741,0.00018108215439512125,0.00014093586753965683,4.0146286855464436e-05,1
Exp2_GaSi_to_Ju,Ju,JuPt07,1,0.9759626852141486,1,0.9759626852141486,0.10147345000101875,0.0759326483692146,0.025540801631804142,1
Exp2_GaSi_to_Ju,Ju,JuPt08,1,0.9991703313939712,1,0.9991703313939712,0.005853573688963319,0.004141139926265597,0.001712433762697722,1
Exp2_GaSi_to_Ju,Ju,JuPt09,1,0.9994442893363115,1,0.9994442893363115,0.003645182431291955,0.00265601189997886,0.0009891705313130952,1
Exp2_GaSi_to_Ju,Ju,JuPt10,1,0.9588352928778017,1,0.9588352928778017,0.0720775550253646,0.05222483658800738,0.019852718437357204,1
Exp2_GaSi_to_Ju,Ju,JuPt11,1,0.9853506154731452,1,0.9853506154731452,0.04590644682162511,0.03039060777733937,0.015515839044285743,1
Exp2_GaSi_to_Ju,Ju,JuPt12,1,0.997517432921972,1,0.997517432921972,0.011455659899137315,0.0073570186169280745,0.004098641282209241,1
Exp2_GaSi_to_Ju,Ju,JuPt13,1,0.999036942078517,1,0.999036942078517,0.0068651535157606795,0.005510487410020477,0.0013546661057402022,1
Exp2_GaSi_to_Ju,Ju,JuPt14,1,0.9976326962734791,1,0.9976326962734791,0.014311458812679778,0.009339360002876615,0.004972098809803162,1
Exp2_GaSi_to_Ju,Ju,JuPt15,1,0.25965785577379197,0,0.7403421399188926,0.4831361546618176,0.29166026432553205,0.19147589033628556,0
Exp2_GaSi_to_Ju,Ju,JuPt16,1,0.9999842831962987,1,0.9999842831962987,0.000167639089598101,0.00013677894647918563,3.08601991824824e-05,1
Exp2_GaSi_to_Ju,Ju,JuPt17,1,0.8339029056461233,1,0.8339029056461233,0.38789839728882436,0.25548440845389114,0.13241398883493324,1
Exp2_GaSi_to_Ju,Ju,JuPt18,1,0.9983539621035258,1,0.9983539621035258,0.010090609084311706,0.006246382969056001,0.0038442261152557052,1
Exp2_GaSi_to_Ju,Ju,JuPt19,1,0.9397450862704096,1,0.9397450862704096,0.18358859153483315,0.12747198185958974,0.056116609675243394,1
Exp2_GaSi_to_Ju,Ju,JuPt20,1,0.6252499554524215,1,0.6252499554524215,0.4699744438894857,0.31606328086914254,0.1539111630203432,1
Exp2_GaSi_to_Ju,Ju,JuPt21,1,0.9126848817099559,1,0.9126848817099559,0.24958059272958594,0.16733674180203284,0.08224385092755308,1
Exp2_GaSi_to_Ju,Ju,JuPt22,1,0.9992602660375483,1,0.9992602660375483,0.005384231058997102,0.003721794021925341,0.001662437037071761,1
Exp2_GaSi_to_Ju,Ju,JuPt23,1,0.5551590063411262,1,0.5551590063411262,0.3507447865076765,0.24165138111444726,0.10909340539322925,1
Exp2_GaSi_to_Ju,Ju,JuPt24,1,0.7355041965616472,1,0.7355041965616472,0.46787957203482755,0.3373594731092453,0.13052009892558225,1
Exp2_GaSi_to_Ju,Ju,JuPt25,1,0.9842929778954922,1,0.9842929778954922,0.049682316288220674,0.036861380007720955,0.012820936280499714,1
Exp2_GaSi_to_Ju,Ju,JuPt26,1,0.9989520407472708,1,0.9989520407472708,0.0068111706585815114,0.004824816418973315,0.001986354239608196,1
Exp2_GaSi_to_Ju,Ju,JuPt27,1,0.9796163126826286,1,0.9796163126826286,0.08715793938972638,0.053418258011879514,0.033739681377846865,1
Exp2_GaSi_to_Ju,Ju,JuPt28,1,0.9999951071791588,1,0.9999951071791588,4.9952175156067966e-05,4.001860502955376e-05,9.93357012651421e-06,1
Exp2_GaSi_to_Ju,Ju,JuPt29,1,0.06062757213592769,0,0.939372426080144,0.1650296098085783,0.12343396996684082,0.041595639841737496,0
Exp3_JuSi_to_Ga,Ga,GaCo01,0,0.5817245855321583,1,0.5817245855321583,0.2512488440926515,0.10577587951529115,0.1454729645773604,0
Exp3_JuSi_to_Ga,Ga,GaCo02,0,8.64934930324967e-09,0,0.999999991307656,1.2983566772991869e-07,1.0037814984632725e-07,2.945751788359143e-08,1
Exp3_JuSi_to_Ga,Ga,GaCo03,0,0.026612889651158468,0,0.9733871162558595,0.0621341991535155,0.016784408420056973,0.04534979073345853,1
Exp3_JuSi_to_Ga,Ga,GaCo04,0,0.9945394390573103,1,0.9945394390573103,0.019318895491227558,0.005973140942988376,0.013345754548239181,0
Exp3_JuSi_to_Ga,Ga,GaCo05,0,1.0,1,1.0,2.4523058263601952e-09,2.1786492708638847e-09,2.736565554963104e-10,0
Exp3_JuSi_to_Ga,Ga,GaCo06,0,0.9999999125366625,1,0.9999999125366625,1.1753888361832778e-06,9.764772135210827e-07,1.9891162266219504e-07,0
Exp3_JuSi_to_Ga,Ga,GaCo07,0,1.0,1,1.0,1.191308627989986e-10,1.0491600398061332e-10,1.4214858818385282e-11,0
Exp3_JuSi_to_Ga,Ga,GaCo08,0,1.0,1,1.0,2.776812502086496e-11,2.7759086822434546e-11,9.038198430418495e-15,0
Exp3_JuSi_to_Ga,Ga,GaCo09,0,1.0,1,1.0,2.0955727783470227e-10,1.805182839147157e-10,2.9038993919986572e-11,0
Exp3_JuSi_to_Ga,Ga,GaCo10,0,0.9978965769211452,1,0.9978965769211452,0.007406836843816286,0.0022021957793915015,0.005204641064424784,0
Exp3_JuSi_to_Ga,Ga,GaCo11,0,0.0014442356915147917,0,0.9985557633141676,0.005247870756624632,0.0017475622993379193,0.0035003084572867126,1
Exp3_JuSi_to_Ga,Ga,GaCo12,0,0.00238654474353322,0,0.9976134647925695,0.009428656608959812,0.0033582658008758513,0.006070390808083959,1
Exp3_JuSi_to_Ga,Ga,GaCo13,0,0.06577823776566556,0,0.9342217720775275,0.05442013372098095,0.02483046160843296,0.029589672112547993,1
Exp3_JuSi_to_Ga,Ga,GaCo14,0,0.030517171890174572,0,0.9694828390816433,0.056616220070405836,0.016829039974146656,0.03978718009625918,1
Exp3_JuSi_to_Ga,Ga,GaCo15,0,1.0,1,1.0,2.763103114367116e-11,2.763101726588335e-11,1.3877787807814457e-17,0
Exp3_JuSi_to_Ga,Ga,GaCo16,0,0.32532069297279315,0,0.6746793163740293,0.25049637625585813,0.08511971542495149,0.16537666083090666,1
Exp3_JuSi_to_Ga,Ga,GaCo17,0,0.00024854422921179094,0,0.999751458151473,0.001078479193360126,0.0003741604402304316,0.0007043187531296942,1
Exp3_JuSi_to_Ga,Ga,GaCo22,0,0.9073297833146323,1,0.9073297833146323,0.10764062916822513,0.031595100871023525,0.07604552829720161,0
Exp3_JuSi_to_Ga,Ga,GaPt03,1,0.9999999975164732,1,0.9999999975164732,4.557959845761118e-08,3.6610711300854734e-08,8.968887156756445e-09,1
Exp3_JuSi_to_Ga,Ga,GaPt04,1,1.0,1,1.0,3.1789058238327017e-10,2.753710154505239e-10,4.251956693274624e-11,1
Exp3_JuSi_to_Ga,Ga,GaPt05,1,0.13173684062324517,0,0.8682631703001485,0.19714821455508513,0.06243197378892281,0.13471624076616232,0
Exp3_JuSi_to_Ga,Ga,GaPt06,1,0.45230125759528805,0,0.547698757902431,0.20080319016037387,0.08068203022353042,0.12012115993684347,0
Exp3_JuSi_to_Ga,Ga,GaPt07,1,0.9980059806257486,1,0.9980059806257486,0.00512285896283727,0.0014781068542008109,0.003644752108636459,1
Exp3_JuSi_to_Ga,Ga,GaPt08,1,1.0,1,1.0,3.00629441046113e-11,2.9772369302977914e-11,2.9057480163338645e-13,1
Exp3_JuSi_to_Ga,Ga,GaPt09,1,1.0,1,1.0,6.082384310206914e-09,5.722700014404476e-09,3.596842958024371e-10,1
Exp3_JuSi_to_Ga,Ga,GaPt12,1,1.0,1,1.0,2.763103114367116e-11,2.763101726588335e-11,1.3877787807814457e-17,1
Exp3_JuSi_to_Ga,Ga,GaPt13,1,1.0,1,1.0,2.763103114367116e-11,2.763101726588335e-11,1.3877787807814457e-17,1
Exp3_JuSi_to_Ga,Ga,GaPt14,1,0.9999954013360872,1,0.9999954013360872,4.1429140874318984e-05,2.8342166172666174e-05,1.3086974701652802e-05,1
Exp3_JuSi_to_Ga,Ga,GaPt15,1,0.9999991994765071,1,0.9999991994765071,8.087515470971111e-06,5.657495027403747e-06,2.4300204435673644e-06,1
Exp3_JuSi_to_Ga,Ga,GaPt16,1,0.9998151200513045,1,0.9998151200513045,0.0008798114412124731,0.00021056728646241148,0.0006692441547500617,1
Exp3_JuSi_to_Ga,Ga,GaPt17,1,0.9999998936222659,1,0.9999998936222659,1.3032044464162135e-06,1.0248563820992092e-06,2.7834806431700416e-07,1
Exp3_JuSi_to_Ga,Ga,GaPt18,1,0.9452879062155262,1,0.9452879062155262,0.04765497950193756,0.016710704819713214,0.03094427468222434,1
Exp3_JuSi_to_Ga,Ga,GaPt19,1,0.000797732753710387,0,0.9992022704746987,0.0036338106383682705,0.0011729926523212253,0.0024608179860470454,0
Exp3_JuSi_to_Ga,Ga,GaPt20,1,0.9999999958607885,1,0.9999999958607885,6.312529554233146e-08,5.2130069665155746e-08,1.0995225877175707e-08,1
Exp3_JuSi_to_Ga,Ga,GaPt21,1,0.8522534139143924,1,0.8522534139143924,0.2491663687281501,0.06540727672263544,0.18375909200551466,1
Exp3_JuSi_to_Ga,Ga,GaPt22,1,0.775357334340539,1,0.775357334340539,0.22448395290160192,0.0931921312784119,0.13129182162319,1
Exp3_JuSi_to_Ga,Ga,GaPt23,1,0.9909915121065245,1,0.9909915121065245,0.01663481745305211,0.007223251460007091,0.009411565993045016,1
Exp3_JuSi_to_Ga,Ga,GaPt24,1,0.9946788665321139,1,0.9946788665321139,0.010731514614808785,0.003567558580934181,0.007163956033874606,1
Exp3_JuSi_to_Ga,Ga,GaPt25,1,0.0007015810187307996,0,0.9992984210451444,0.0024224042189037362,0.001020256067915066,0.0014021481509886701,0
Exp3_JuSi_to_Ga,Ga,GaPt26,1,0.9679712997749448,1,0.9679712997749448,0.03960933453575495,0.021137252106482946,0.018472082429272008,1
Exp3_JuSi_to_Ga,Ga,GaPt27,1,4.539344406973908e-06,0,0.9999954617685742,4.044946720996733e-05,2.8242874133968092e-05,1.2206593075999232e-05,0
Exp3_JuSi_to_Ga,Ga,GaPt28,1,0.05999522371714113,0,0.9400047833381356,0.0610852454918915,0.016710945469617853,0.044374300022273654,0
Exp3_JuSi_to_Ga,Ga,GaPt29,1,0.39956919335563973,0,0.600430814509561,0.24269439200366658,0.09063464472966076,0.1520597472740058,0
Exp3_JuSi_to_Ga,Ga,GaPt30,1,0.9997318871319294,1,0.9997318871319294,0.0012889503449278568,0.0003545026475569966,0.0009344476973708601,1
Exp3_JuSi_to_Ga,Ga,GaPt31,1,0.9999999892380501,1,0.9999999892380501,1.5601713171918292e-07,1.2003263599836994e-07,3.598449572081297e-08,1
Exp3_JuSi_to_Ga,Ga,GaPt32,1,1.0,1,1.0,1.0262268865516351e-10,9.155019485803678e-11,1.1072493797126734e-11,1
Exp3_JuSi_to_Ga,Ga,GaPt33,1,1.0,1,1.0,2.763103114367116e-11,2.763101726588335e-11,1.3877787807814457e-17,1
