group,experiment,test_cohort,metric,n_seeds,mean,std,ci95_lower,ci95_upper,min,max
Exp_1_Si,1,Si,accuracy,5,0.675,0.0879730516266203,0.5657670289831045,0.7842329710168956,0.546875,0.765625
Exp_1_Si,1,Si,balanced_accuracy,5,0.6597044334975368,0.10266971863816336,0.5322231401588193,0.7871857268362543,0.5147783251231527,0.7532019704433497
Exp_1_Si,1,Si,sensitivity,5,0.822857142857143,0.12020390838835786,0.6736042773679356,0.9721100083463503,0.6857142857142857,0.9714285714285714
Exp_1_Si,1,Si,specificity,5,0.496551724137931,0.28497866912268116,0.14270397043227517,0.8503994778435868,0.1724137931034483,0.7586206896551724
Exp_1_Si,1,Si,f1,5,0.7362098776535972,0.04663336555046489,0.6783069065345093,0.7941128487726852,0.6741573033707865,0.8051948051948052
Exp_1_Si,1,Si,roc_auc,5,0.7345812807881773,0.06773927431246682,0.6504718626099382,0.8186906989664164,0.625615763546798,0.8088669950738917
Exp_1_Si,1,Si,nll,5,0.6547271918082382,0.04858965067002959,0.5943951718859651,0.7150592117305113,0.5950954044930374,0.7234452652237366
Exp_1_Si,1,Si,brier,5,0.2176418308340073,0.019352135353579197,0.19361298107710173,0.24167068059091285,0.18895176190469198,0.2432428137703663
Exp_1_Si,1,Si,ece,5,0.12406252942382709,0.042113734721698874,0.07177142118998978,0.1763536376576644,0.0521220352820819,0.16322097199008576
Exp_1_Si,1,Si,mean_uncertainty,5,0.23358083666668486,0.1254192556493481,0.07785226224537525,0.38930941108799444,0.09099798286236668,0.3580984628933947
Exp_1_Si,1,Si,mean_uncertainty_correct,5,0.22871421658790828,0.12397763579735448,0.07477564963591499,0.38265278353990156,0.08925484978101231,0.3523021926039031
Exp_1_Si,1,Si,mean_uncertainty_incorrect,5,0.24398286828067683,0.12502298683949492,0.088746326574173,0.39921940998718064,0.09545265629249453,0.3650939615186432
Exp_1_Si,1,Si,uncertainty_error_auroc,5,0.5938477402455236,0.033190539733117766,0.5526362419779597,0.6350592385130874,0.5688405797101449,0.6354166666666666
Exp_1_Si,1,Si,aurc,5,0.27551163994575056,0.07659886845901195,0.1804015826770496,0.37062169721445154,0.15834890993935594,0.3671612517030385
Exp_2_Ju,2,Ju,accuracy,5,0.7185185185185186,0.047933996687202905,0.6590006005420002,0.778036436495037,0.6481481481481481,0.7777777777777778
Exp_2_Ju,2,Ju,balanced_accuracy,5,0.713103448275862,0.04640462070559314,0.655484501395426,0.770722395156298,0.6475862068965517,0.7710344827586206
Exp_2_Ju,2,Ju,sensitivity,5,0.786206896551724,0.0858613765378533,0.6795959164684542,0.8928178766349939,0.6551724137931034,0.8620689655172413
Exp_2_Ju,2,Ju,specificity,5,0.6400000000000001,0.06324555320336757,0.5614702735408978,0.7185297264591024,0.56,0.72
Exp_2_Ju,2,Ju,f1,5,0.7485810444653604,0.05155176298029727,0.6845710763287918,0.8125910126019291,0.6666666666666666,0.8064516129032258
Exp_2_Ju,2,Ju,roc_auc,5,0.7837241379310346,0.045500519394403846,0.7272277810994312,0.8402204947626379,0.7351724137931035,0.8468965517241379
Exp_2_Ju,2,Ju,nll,5,0.612958847689421,0.07047958390807033,0.5254468857423887,0.7004708096364533,0.5513612146098379,0.7306576206610197
Exp_2_Ju,2,Ju,brier,5,0.20744625664886707,0.025023205713674404,0.17637584299455084,0.2385166703031833,0.1817246470370108,0.24668231741287222
Exp_2_Ju,2,Ju,ece,5,0.13631403493664956,0.03792744550649351,0.08922089130740143,0.1834071785658977,0.0970120075051226,0.19608169016040755
Exp_2_Ju,2,Ju,mean_uncertainty,5,0.39211143963150114,0.12784656235498165,0.23336896586120778,0.5508539134017945,0.20990944386126079,0.5636447019220886
Exp_2_Ju,2,Ju,mean_uncertainty_correct,5,0.3875943539378959,0.12992413191303173,0.22627223684360764,0.5489164710321841,0.19744151025299006,0.557462252515703
Exp_2_Ju,2,Ju,mean_uncertainty_incorrect,5,0.4028630552581688,0.12833876713702252,0.24350942853027155,0.562216681986066,0.23287668998175948,0.5852832748444382
Exp_2_Ju,2,Ju,uncertainty_error_auroc,5,0.5759549514812672,0.06885384652154268,0.49046160911762016,0.6614482938449142,0.4857142857142857,0.6421052631578947
Exp_2_Ju,2,Ju,aurc,5,0.23494381881461432,0.04754281360208197,0.17591161879159692,0.2939760188376317,0.1626824618924582,0.28178407978904096
Exp_3_Ga,3,Ga,accuracy,5,0.6425531914893617,0.02330734287256023,0.6136133029507126,0.6714930800280109,0.6170212765957447,0.6595744680851063
Exp_3_Ga,3,Ga,balanced_accuracy,5,0.5881226053639846,0.041971077203461056,0.5360086298346163,0.640236580893353,0.5421455938697317,0.6187739463601533
Exp_3_Ga,3,Ga,sensitivity,5,0.8206896551724137,0.03777396948311486,0.7737870771959823,0.867592233148845,0.7931034482758621,0.8620689655172413
Exp_3_Ga,3,Ga,specificity,5,0.3555555555555555,0.12171612389003691,0.2044250265203876,0.5066860845907234,0.2222222222222222,0.4444444444444444
Exp_3_Ga,3,Ga,f1,5,0.7392789373814042,0.0036376260934877958,0.7347622280221937,0.7437956467406146,0.7352941176470589,0.7419354838709677
Exp_3_Ga,3,Ga,roc_auc,5,0.6203065134099617,0.04681547093978829,0.562177428585072,0.6784355982348513,0.5632183908045977,0.6934865900383141
Exp_3_Ga,3,Ga,nll,5,0.7646033804155701,0.12131396788790925,0.6139721940099057,0.9152345668212345,0.661269403255732,0.958204231273462
Exp_3_Ga,3,Ga,brier,5,0.25212230484185266,0.017449646542481673,0.23045570694867237,0.2737889027350329,0.232821732195504,0.2745464034230451
Exp_3_Ga,3,Ga,ece,5,0.19536653220134462,0.06649007365344935,0.11280820150793994,0.27792486289474927,0.1272311083699444,0.2740158975779775
Exp_3_Ga,3,Ga,mean_uncertainty,5,0.2624485788725525,0.12336954368204857,0.10926505800772618,0.41563209973737886,0.0975833521343103,0.3870965821788929
Exp_3_Ga,3,Ga,mean_uncertainty_correct,5,0.25418536495902394,0.11940617001244998,0.10592302249116692,0.40244770742688096,0.0965831457939836,0.3749287573806228
Exp_3_Ga,3,Ga,mean_uncertainty_incorrect,5,0.27692505517226573,0.12975137865357025,0.11581743958082316,0.43803267076370833,0.0995212519186934,0.40670029990943934
Exp_3_Ga,3,Ga,uncertainty_error_auroc,5,0.5853309232480534,0.07236222401881932,0.4954813548539297,0.675180491642177,0.5141129032258065,0.6875
Exp_3_Ga,3,Ga,aurc,5,0.27736587760547393,0.04966131773101396,0.21570320727551565,0.3390285479354322,0.19120862084155144,0.3160055820636142
Overall,All,All,accuracy,15,0.6786905700026267,0.06372351657716913,0.6434016627585876,0.7139794772466658,0.546875,0.7777777777777778
Overall,All,All,balanced_accuracy,15,0.6536434957124613,0.08330244597138685,0.6075121387663025,0.69977485265862,0.5147783251231527,0.7710344827586206
Overall,All,All,sensitivity,15,0.8099178981937601,0.08333257182260112,0.763769858107275,0.8560659382802452,0.6551724137931034,0.9714285714285714
Overall,All,All,specificity,15,0.49736909323116224,0.2074310973912316,0.38249758034935377,0.6122406061129707,0.1724137931034483,0.7586206896551724
Overall,All,All,f1,15,0.741356619833454,0.03760408378624594,0.7205321723451723,0.7621810673217357,0.6666666666666666,0.8064516129032258
Overall,All,All,roc_auc,15,0.7128706440430578,0.0868910720363565,0.6647519722225403,0.7609893158635752,0.5632183908045977,0.8468965517241379
Overall,All,All,nll,15,0.677429806637743,0.10335007947479574,0.620196440305339,0.7346631729701469,0.5513612146098379,0.958204231273462
Overall,All,All,brier,15,0.22573679744157568,0.027648251512458023,0.2104257060974335,0.24104788878571787,0.1817246470370108,0.2745464034230451
Overall,All,All,ece,15,0.15191436552060708,0.056737415259686425,0.12049423223369188,0.18333449880752228,0.0521220352820819,0.2740158975779775
Overall,All,All,mean_uncertainty,15,0.2960469517235796,0.1364015527078318,0.2205102895931949,0.37158361385396427,0.09099798286236668,0.5636447019220886
Overall,All,All,mean_uncertainty_correct,15,0.2901646451616094,0.13597539964306893,0.21486397873237167,0.3654653115908471,0.08925484978101231,0.557462252515703
Overall,All,All,mean_uncertainty_incorrect,15,0.30792365957037043,0.1378565927225048,0.23158122313762158,0.3842660960031193,0.09545265629249453,0.5852832748444382
Overall,All,All,uncertainty_error_auroc,15,0.5850445383249482,0.056767707835773,0.5536076295685498,0.6164814470813466,0.4857142857142857,0.6875
Overall,All,All,aurc,15,0.2626071121219463,0.05862948915528718,0.23013918323637067,0.29507504100752197,0.15834890993935594,0.3671612517030385
