accuracy,balanced_accuracy,sensitivity,specificity,f1,roc_auc,nll,brier,ece,mean_uncertainty,mean_uncertainty_correct,mean_uncertainty_incorrect,median_uncertainty_correct,median_uncertainty_incorrect,uncertainty_error_auroc,aurc,seed,experiment,train_cohorts,test_cohort,num_train_subjects,num_val_subjects,num_test_subjects,learned_temperature,fold_runtime_seconds
0.546875,0.5147783251231527,0.8571428571428571,0.1724137931034483,0.6741573033707865,0.625615763546798,0.676592940554347,0.2432428137703663,0.1316419394958454,0.3580984628933947,0.3523021926039031,0.3650939615186432,0.359451238065958,0.3586985468864441,0.5704433497536946,0.3671612517030385,42,1,Ga+Ju,Si,86,15,64,1.7542187822198632,77.35158109664917
0.7777777777777778,0.7710344827586206,0.8620689655172413,0.68,0.8064516129032258,0.8110344827586207,0.5663274188264362,0.1902279518114348,0.1463809902995942,0.5636447019220886,0.557462252515703,0.5852832748444382,0.5738112354250255,0.5972733945689268,0.5873015873015873,0.1626824618924582,42,2,Ga+Si,Ju,94,17,54,1.8194527148149136,64.83616352081299
0.6595744680851063,0.6187739463601533,0.7931034482758621,0.4444444444444444,0.7419354838709677,0.6206896551724138,0.958204231273462,0.2745464034230451,0.2740158975779775,0.0975833521343103,0.0965831457939836,0.0995212519186934,0.082190792930002,0.0871680711732349,0.5141129032258065,0.3160055820636142,42,3,Ju+Si,Ga,100,18,47,10.169282231954028,94.66440653800964
0.625,0.5891625615763547,0.9714285714285714,0.2068965517241379,0.7391304347826086,0.7586206896551724,0.629039227024117,0.2196441932369995,0.0521220352820819,0.3447369287071827,0.3378298278354729,0.3562487634933657,0.3412356516346335,0.3677320570374528,0.6354166666666666,0.3045133402900898,43,1,Ga+Ju,Si,86,15,64,4.034147033393278,75.06115746498108
0.7222222222222222,0.7110344827586207,0.8620689655172413,0.56,0.7692307692307693,0.7751724137931035,0.6094259822126619,0.2096477145475616,0.1269502687539352,0.3715682058532568,0.3712917549823021,0.3722869781177388,0.3745172634869178,0.3627337876119111,0.5264957264957264,0.2735620993400917,43,2,Ga+Si,Ju,94,17,54,49.99877358555336,63.35910701751709
0.6595744680851063,0.6187739463601533,0.7931034482758621,0.4444444444444444,0.7419354838709677,0.6091954022988505,0.8055166107828208,0.2659093547262458,0.2485792540518746,0.2241520940133313,0.222628942364747,0.2271032003324635,0.2205207648997505,0.2131329553571849,0.5181451612903226,0.2971526969543618,43,3,Ju+Si,Ga,100,18,47,15.474168092365808,68.1086642742157
0.765625,0.7532019704433497,0.8857142857142857,0.6206896551724138,0.8051948051948052,0.8088669950738917,0.5950954044930374,0.18895176190469198,0.13894576393916697,0.11493541140650146,0.10961640366039486,0.13231083671044971,0.11111926885011296,0.1330230487510562,0.6244897959183674,0.15834890993935594,44,1,Ga+Ju,Si,86,15,64,26.875395348059357,122.906010389328
0.7037037037037037,0.6965517241379311,0.7931034482758621,0.6,0.7419354838709677,0.7503448275862069,0.6070220021371489,0.20894865243545577,0.0970120075051226,0.43811996250565977,0.43393107839713774,0.44806856226339975,0.4321941907207171,0.456120161320826,0.6381578947368421,0.2234919638452559,44,2,Ga+Si,Ju,94,17,54,2.8778238753362877,68.62074875831604
0.6170212765957447,0.5421455938697317,0.8620689655172413,0.2222222222222222,0.7352941176470589,0.6149425287356322,0.661269403255732,0.232821732195504,0.1272311083699444,0.38420903163712505,0.3728849314656322,0.40245341524675227,0.3723708186298609,0.4196267308460342,0.6149425287356323,0.2819341674918635,44,3,Ju+Si,Ga,100,18,47,5.671060767779189,62.09097409248352
0.71875,0.722167487684729,0.6857142857142857,0.7586206896551724,0.7272727272727273,0.7270935960591133,0.6494631217459534,0.2154566170644337,0.13438193641195545,0.25913539746397873,0.25456780905875825,0.2708081233884311,0.24644257004062334,0.2799404041531185,0.5688405797101449,0.2895091123573325,45,1,Ga+Ju,Si,86,15,64,5.184931309459605,75.36810517311096
0.7407407407407407,0.7393103448275862,0.7586206896551724,0.72,0.7586206896551724,0.8468965517241379,0.5513612146098379,0.1817246470370108,0.11514521796418818,0.3773148840152399,0.3778451735413463,0.3757997710835078,0.3868490806400171,0.3815373273556214,0.4857142857142857,0.28178407978904096,45,2,Ga+Si,Ju,94,17,54,4.229624263547751,67.8499116897583
0.6595744680851063,0.6187739463601533,0.7931034482758621,0.4444444444444444,0.7419354838709677,0.6934865900383141,0.7136951651189889,0.2458512587217722,0.1950739412487525,0.21920183439910298,0.2039010477901342,0.2488471084539801,0.22268924091218245,0.26382747048327637,0.6875,0.19120862084155144,45,3,Ju+Si,Ga,100,18,47,15.08043530915158,68.95583081245422
0.71875,0.7192118226600985,0.7142857142857143,0.7241379310344828,0.7352941176470589,0.7527093596059113,0.7234452652237366,0.2209137681935452,0.16322097199008576,0.09099798286236668,0.08925484978101231,0.09545265629249453,0.07915383367799222,0.10472127259708941,0.5700483091787439,0.2580255854389361,46,1,Ga+Ju,Si,86,15,64,37.41937547077998,116.70469570159912
0.6481481481481481,0.6475862068965517,0.6551724137931034,0.64,0.6666666666666666,0.7351724137931035,0.7306576206610197,0.24668231741287222,0.19608169016040755,0.20990944386126079,0.19744151025299006,0.23287668998175948,0.17163998378174647,0.2069984536904555,0.6421052631578947,0.2331984892062248,46,2,Ga+Si,Ju,94,17,54,41.31149719651184,69.60230135917664
0.6170212765957447,0.5421455938697317,0.8620689655172413,0.2222222222222222,0.7352941176470589,0.5632183908045977,0.6843314916468468,0.24148277514269623,0.13193245975817397,0.3870965821788929,0.3749287573806228,0.40670029990943934,0.4005050081759691,0.41292776027694345,0.5919540229885057,0.30052832067597884,46,3,Ju+Si,Ga,100,18,47,15.845282794377574,51.77350950241089
