subject_id,true_label,e_HC,e_PD,alpha_HC,alpha_PD,P_HC,P_PD,uncertainty,predicted_label,is_correct
GaCo02,0,52.66081653950581,0.12082026321847822,53.660816519210734,1.1208202528456848,0.9709824219656488,0.02901757778211807,0.04030746209900826,0,1
GaCo03,0,43.33630121846257,2.310842645373372,44.336301197608314,3.310842640697956,0.8861172933829948,0.11388271036169802,0.04923548246733844,0,1
GaCo15,0,2.876172014004998,23.46463228000275,3.876172018547853,24.46463229507208,0.18559690549348792,0.8144030949851084,0.0865839376217789,1,0
GaPt13,1,1.7953637182365078e-06,51.90506336424086,1.000001796417766,52.90506336424086,0.018598867308658857,0.9814011512531174,0.03719766018912196,1,1
GaPt19,1,60.284149726231895,1.430893964180255e-07,61.28414980570475,1.000000125832028,0.9838866657680936,0.016113335027411167,0.032226664518627025,0,0
GaPt28,1,1.781228828039932e-05,45.123179303275215,1.0000178151660495,46.123179303275215,0.0213947586922182,0.9786052360302873,0.042788505269628435,1,1
GaPt30,1,0.04215049269144918,44.123620864417816,1.042150493297312,45.123620861106446,0.025596184461998444,0.9744038213458326,0.045526098252998456,1,1
GaPt33,1,7.459132136647087e-07,54.39557955000136,1.0000007483694289,55.39557955000136,0.017734835829792753,0.9822651760445701,0.035469644961671695,1,1
JuCo03,0,1.4088058932770764e-06,52.10395407676697,1.0000014081597328,53.10395407676697,0.018493889132514596,0.9815061129629612,0.03698772541247308,1,0
JuCo04,0,54.704498301777576,0.17972961060231293,55.70449830094973,1.1797296007474263,0.9587090474863847,0.0412909539623393,0.04108679315282239,0,1
JuCo06,0,55.42774341417395,0.00014502328631849082,56.42774333124576,1.000145005143207,0.9814901157565739,0.018509884871056547,0.03700804366203754,0,1
JuPt12,1,0.012617885539028952,39.84776311042981,1.0126178937080579,40.84776311042981,0.027185307576870307,0.9728146913724068,0.0524386146511787,1,1
JuPt16,1,0.42515570998563834,36.142574067374596,1.4251556856590404,37.14257411789476,0.056593012947000955,0.9434069896345598,0.05680135572165774,1,1
JuPt24,1,11.973074780142719,11.517628549338966,12.973074796407118,12.517628528501676,0.5041332742725702,0.49586672817721317,0.09812958364415428,0,0
SiCo01,0,49.90711951255798,1.8569038149636914e-05,50.90711951255798,1.0000185693303745,0.9803271442651749,0.01967286066307376,0.03934455290436745,0,1
SiCo10,0,57.682931423187256,1.357911264820988e-06,58.682931343714394,1.0000013336539268,0.983012717217207,0.016987282142508775,0.03397449684174111,0,1
SiCo11,0,43.29963558912277,0.0023825670956238256,44.29963560899099,1.0023825640479724,0.9751633691291014,0.024836635721536975,0.049394153601800404,0,1
SiCo19,0,12.984418406832296,8.362159761316589,13.984418431917826,9.362159763773283,0.5895048083815103,0.4104951990302652,0.1263053078049173,0,1
SiCo26,0,58.85315704345703,5.094888329744881e-08,59.85315704345703,1.000000034769376,0.983550193409125,0.016449812101200223,0.032899623115857445,0,1
SiPt04,1,47.48144894838333,0.0013014172341429358,48.481448928515114,1.0013014202316601,0.9772116032739481,0.022788401033418875,0.04540714621543884,0,0
SiPt10,1,29.47855545766377,6.812963400851142,30.4785554582874,7.812963431080182,0.7779765428664783,0.2220234600827098,0.06029518057281772,0,0
SiPt17,1,45.65657533634052,0.937102956773132,46.656575337052345,1.9371029436588287,0.9394560509438937,0.060543954255990684,0.04605494509451091,0,0
SiPt27,1,2.6253302266354694e-05,53.598404248555504,1.0000262558460236,54.598404248555504,0.018200491399814684,0.9817995230356852,0.03639910308023294,1,1
SiPt29,1,12.935223973219308,13.626055898979315,13.935223976771036,14.62605588634809,0.46688083675689995,0.5331191670460006,0.07848462633167703,1,1
SiPt32,1,35.13569598807953,0.7264631505195727,36.135696026186146,1.726463148991267,0.913864578663682,0.086135427467525,0.06628076879618068,0,0
