recording_id,subject_id,study,true_label,pd_probability,predicted_label,predicted_name,hc_probability
GaCo02_01.txt,GaCo02,Ga,0,0.0005042502572768134,0,Healthy Control (HC),0.9994957497427231
GaCo02_02.txt,GaCo02,Ga,0,4.67052067622357e-05,0,Healthy Control (HC),0.9999532947932378
GaCo03_01.txt,GaCo03,Ga,0,0.7896590048718887,1,Parkinson's Disease (PD),0.21034099512811133
GaCo03_02.txt,GaCo03,Ga,0,0.26536160365261213,0,Healthy Control (HC),0.7346383963473879
GaCo15_01.txt,GaCo15,Ga,0,0.9976745843887329,1,Parkinson's Disease (PD),0.00232541561126709
GaCo15_02.txt,GaCo15,Ga,0,0.9978336927791437,1,Parkinson's Disease (PD),0.0021663072208563117
GaCo15_10.txt,GaCo15,Ga,0,0.9951195145646731,1,Parkinson's Disease (PD),0.004880485435326931
GaPt13_01.txt,GaPt13,Ga,1,0.9999039558072885,1,Parkinson's Disease (PD),9.604419271147524e-05
GaPt13_02.txt,GaPt13,Ga,1,0.9999250595768293,1,Parkinson's Disease (PD),7.49404231706885e-05
GaPt13_10.txt,GaPt13,Ga,1,0.9999368414282799,1,Parkinson's Disease (PD),6.315857172012329e-05
GaPt19_01.txt,GaPt19,Ga,1,6.018861760045032e-05,0,Healthy Control (HC),0.9999398113823995
GaPt19_02.txt,GaPt19,Ga,1,1.1792644436070532e-05,0,Healthy Control (HC),0.9999882073555639
GaPt19_10.txt,GaPt19,Ga,1,0.0003550827577688172,0,Healthy Control (HC),0.9996449172422311
GaPt28_01.txt,GaPt28,Ga,1,0.9958559970060984,1,Parkinson's Disease (PD),0.004144002993901608
GaPt28_02.txt,GaPt28,Ga,1,0.9972724070151647,1,Parkinson's Disease (PD),0.00272759298483527
GaPt28_10.txt,GaPt28,Ga,1,0.9918421842157841,1,Parkinson's Disease (PD),0.008157815784215927
GaPt30_01.txt,GaPt30,Ga,1,0.9764357755581538,1,Parkinson's Disease (PD),0.02356422444184625
GaPt30_02.txt,GaPt30,Ga,1,0.9987653233110905,1,Parkinson's Disease (PD),0.0012346766889095306
GaPt30_10.txt,GaPt30,Ga,1,0.9964171883960565,1,Parkinson's Disease (PD),0.00358281160394347
GaPt33_01.txt,GaPt33,Ga,1,0.9999694302678108,1,Parkinson's Disease (PD),3.056973218917847e-05
GaPt33_02.txt,GaPt33,Ga,1,0.9999741713205973,1,Parkinson's Disease (PD),2.5828679402706278e-05
GaPt33_10.txt,GaPt33,Ga,1,0.9999782840410868,1,Parkinson's Disease (PD),2.1715958913204325e-05
JuCo03_01.txt,JuCo03,Ju,0,0.9999187849462032,1,Parkinson's Disease (PD),8.121505379676819e-05
JuCo04_01.txt,JuCo04,Ju,0,0.004595494661382797,0,Healthy Control (HC),0.9954045053386172
JuCo06_01.txt,JuCo06,Ju,0,0.19771240125682316,0,Healthy Control (HC),0.8022875987431768
JuPt12_01.txt,JuPt12,Ju,1,0.9981863086040204,1,Parkinson's Disease (PD),0.0018136913959796441
JuPt16_01.txt,JuPt16,Ju,1,0.7981674391960137,1,Parkinson's Disease (PD),0.20183256080398626
JuPt24_01.txt,JuPt24,Ju,1,0.2575054886813935,0,Healthy Control (HC),0.7424945113186066
JuPt24_02.txt,JuPt24,Ju,1,0.7449231412240558,1,Parkinson's Disease (PD),0.2550768587759442
SiCo01_01.txt,SiCo01,Si,0,0.006358570951306319,0,Healthy Control (HC),0.9936414290486937
SiCo10_01.txt,SiCo10,Si,0,9.150068341057249e-05,0,Healthy Control (HC),0.9999084993165894
SiCo11_01.txt,SiCo11,Si,0,0.0012302924127662134,0,Healthy Control (HC),0.9987697075872338
SiCo19_01.txt,SiCo19,Si,0,0.7608113324774118,1,Parkinson's Disease (PD),0.23918866752258816
SiCo26_01.txt,SiCo26,Si,0,3.98649766187494e-05,0,Healthy Control (HC),0.9999601350233812
SiPt04_01.txt,SiPt04,Si,1,0.061599398917906,0,Healthy Control (HC),0.938400601082094
SiPt10_01.txt,SiPt10,Si,1,0.4931485221750336,0,Healthy Control (HC),0.5068514778249664
SiPt17_01.txt,SiPt17,Si,1,0.5167479434943137,1,Parkinson's Disease (PD),0.48325205650568626
SiPt27_01.txt,SiPt27,Si,1,0.9996650628745556,1,Parkinson's Disease (PD),0.00033493712544441223
SiPt29_01.txt,SiPt29,Si,1,0.9083440938654045,1,Parkinson's Disease (PD),0.09165590613459551
SiPt32_01.txt,SiPt32,Si,1,0.8456899921099345,1,Parkinson's Disease (PD),0.15431000789006555
