subject_id,study,true_label,pd_probability,predicted_label,predicted_name,hc_probability
GaCo02,Ga,0,0.0002754777320195245,0,Healthy Control (HC),0.9997245222679805
GaCo03,Ga,0,0.5275103042622504,1,Parkinson's Disease (PD),0.47248969573774957
GaCo15,Ga,0,0.9968759305775166,1,Parkinson's Disease (PD),0.003124069422483444
GaPt13,Ga,1,0.9999219522707993,1,Parkinson's Disease (PD),7.804772920072534e-05
GaPt19,Ga,1,0.000142354673268446,0,Healthy Control (HC),0.9998576453267316
GaPt28,Ga,1,0.9949901960790157,1,Parkinson's Disease (PD),0.005009803920984268
GaPt30,Ga,1,0.9905394290884336,1,Parkinson's Disease (PD),0.00946057091156638
GaPt33,Ga,1,0.9999739618764982,1,Parkinson's Disease (PD),2.603812350177037e-05
JuCo03,Ju,0,0.9999187849462032,1,Parkinson's Disease (PD),8.121505379676819e-05
JuCo04,Ju,0,0.004595494661382797,0,Healthy Control (HC),0.9954045053386172
JuCo06,Ju,0,0.19771240125682316,0,Healthy Control (HC),0.8022875987431768
JuPt12,Ju,1,0.9981863086040204,1,Parkinson's Disease (PD),0.0018136913959796441
JuPt16,Ju,1,0.7981674391960137,1,Parkinson's Disease (PD),0.20183256080398626
JuPt24,Ju,1,0.5012143149527246,1,Parkinson's Disease (PD),0.4987856850472754
SiCo01,Si,0,0.006358570951306319,0,Healthy Control (HC),0.9936414290486937
SiCo10,Si,0,9.150068341057249e-05,0,Healthy Control (HC),0.9999084993165894
SiCo11,Si,0,0.0012302924127662134,0,Healthy Control (HC),0.9987697075872338
SiCo19,Si,0,0.7608113324774118,1,Parkinson's Disease (PD),0.23918866752258816
SiCo26,Si,0,3.98649766187494e-05,0,Healthy Control (HC),0.9999601350233812
SiPt04,Si,1,0.061599398917906,0,Healthy Control (HC),0.938400601082094
SiPt10,Si,1,0.4931485221750336,0,Healthy Control (HC),0.5068514778249664
SiPt17,Si,1,0.5167479434943137,1,Parkinson's Disease (PD),0.48325205650568626
SiPt27,Si,1,0.9996650628745556,1,Parkinson's Disease (PD),0.00033493712544441223
SiPt29,Si,1,0.9083440938654045,1,Parkinson's Disease (PD),0.09165590613459551
SiPt32,Si,1,0.8456899921099345,1,Parkinson's Disease (PD),0.15431000789006555
