experiment,train_cohorts,test_cohort,subject_id,study,true_label,P_HC,P_PD,predictive_entropy,prediction_variance,mutual_information,predicted_label,is_correct,confidence,uncertainty
1,Ga+Ju,Si,SiCo01,Si,0,0.5642816992476583,0.43571830354630947,0.6627315736065308,0.16398089355789125,0.42091594139734906,0,1,0.5642816992476583,0.6627315736065308
1,Ga+Ju,Si,SiCo03,Si,0,0.738593819240729,0.2614061788966258,0.5650777270396551,0.10593165503814816,0.31797530595213175,0,1,0.738593819240729,0.5650777270396551
1,Ga+Ju,Si,SiCo04,Si,0,0.7704113926738501,0.22958860794703165,0.509563314417998,0.07609342135644208,0.2522464841604233,0,1,0.7704113926738501,0.509563314417998
1,Ga+Ju,Si,SiCo05,Si,0,0.6852369631330172,0.3147630396609505,0.6176099702715874,0.14088122639805079,0.39253525125483674,0,1,0.6852369631330172,0.6176099702715874
1,Ga+Ju,Si,SiCo06,Si,0,0.667885177458326,0.3321148209894697,0.6274332478642464,0.14817630794520179,0.4063720566531022,0,1,0.667885177458326,0.6274332478642464
1,Ga+Ju,Si,SiCo07,Si,0,0.5856971808049517,0.41430281653689843,0.5637592001197239,0.1221000671841163,0.32983146390567225,0,1,0.5856971808049517,0.5637592001197239
1,Ga+Ju,Si,SiCo08,Si,0,0.5006053149700165,0.49939468689262867,0.673218215505282,0.13974843826144934,0.3677639861901601,0,1,0.5006053149700165,0.673218215505282
1,Ga+Ju,Si,SiCo09,Si,0,0.7614806356529394,0.2385193615530928,0.5319663689782222,0.10091176272059481,0.30801424322028953,0,1,0.7614806356529394,0.5319663689782222
1,Ga+Ju,Si,SiCo10,Si,0,0.819749986131986,0.18025001573065916,0.46535300463438034,0.08690167373667161,0.2785256430506706,0,1,0.819749986131986,0.46535300463438034
1,Ga+Ju,Si,SiCo11,Si,0,0.19972859814879484,0.8002714005609354,0.4539187722063313,0.06381510077661308,0.2093168410162131,1,0,0.8002714005609354,0.4539187722063313
1,Ga+Ju,Si,SiCo12,Si,0,0.20679267585122338,0.7932073151071867,0.4294710896598796,0.053077478524452694,0.1617529559880495,1,0,0.7932073151071867,0.4294710896598796
1,Ga+Ju,Si,SiCo13,Si,0,0.7247964839140574,0.2752035055309534,0.4960879447559516,0.08394551470822383,0.22880167498563728,0,1,0.7247964839140574,0.4960879447559516
1,Ga+Ju,Si,SiCo14,Si,0,0.6378183625638485,0.3621816324690978,0.6539159814516703,0.1947398210565249,0.5234926783790191,0,1,0.6378183625638485,0.6539159814516703
1,Ga+Ju,Si,SiCo15,Si,0,0.6001913216120253,0.39980868467440206,0.6125587889303764,0.11870991814309188,0.32397384103387594,0,1,0.6001913216120253,0.6125587889303764
1,Ga+Ju,Si,SiCo16,Si,0,0.20997635889216326,0.7900236410399278,0.4851918175506095,0.11903203377930065,0.3515586482438569,1,0,0.7900236410399278,0.4851918175506095
1,Ga+Ju,Si,SiCo17,Si,0,0.05597360659157857,0.9440263931949934,0.2049181800490866,0.00697287716396507,0.05698089386957387,1,0,0.9440263931949934,0.2049181800490866
1,Ga+Ju,Si,SiCo18,Si,0,0.9297672969599565,0.07023270548476528,0.21992885135114193,0.01483515310489262,0.07379431168859203,0,1,0.9297672969599565,0.21992885135114193
1,Ga+Ju,Si,SiCo19,Si,0,0.44643498801936704,0.5535650129119555,0.6166087056820592,0.0945843243971467,0.2574379065384467,1,0,0.5535650129119555,0.6166087056820592
1,Ga+Ju,Si,SiCo20,Si,0,0.04859482302708784,0.9514051750302315,0.16204836795805022,0.005721422726589746,0.028195700006714713,1,0,0.9514051750302315,0.16204836795805022
1,Ga+Ju,Si,SiCo21,Si,0,0.3271939550759271,0.6728060537328323,0.5565006506318847,0.10410351853109508,0.28127815512319404,1,0,0.6728060537328323,0.5565006506318847
1,Ga+Ju,Si,SiCo22,Si,0,0.37378014127413434,0.6262198618302742,0.6330158114433289,0.13417776503289738,0.3670860081911087,1,0,0.6262198618302742,0.6330158114433289
1,Ga+Ju,Si,SiCo23,Si,0,0.6486558119455973,0.3513441849499941,0.6406683238844076,0.17348404740914702,0.4694716806213061,0,1,0.6486558119455973,0.6406683238844076
1,Ga+Ju,Si,SiCo24,Si,0,0.5774328247886539,0.4225671738386154,0.6319415853746856,0.1672387057180155,0.44737139029894024,0,1,0.5774328247886539,0.6319415853746856
1,Ga+Ju,Si,SiCo25,Si,0,0.7173806863526503,0.2826193192352851,0.5761651104936997,0.10717290236304204,0.3142043041686217,0,1,0.7173806863526503,0.5761651104936997
1,Ga+Ju,Si,SiCo26,Si,0,0.7231665713091692,0.2768334299325943,0.5793827685217062,0.11704724282026291,0.333219346900781,0,1,0.7231665713091692,0.5793827685217062
1,Ga+Ju,Si,SiCo27,Si,0,0.6040308810770512,0.3959691183020671,0.6713374542693297,0.2349421763792634,0.6487497985363007,0,1,0.6040308810770512,0.6713374542693297
1,Ga+Ju,Si,SiCo28,Si,0,0.0029867491612094454,0.9970132522284985,0.02009404239167149,1.73514524088129e-05,0.0026441415441998592,1,0,0.9970132522284985,0.02009404239167149
1,Ga+Ju,Si,SiCo29,Si,0,0.7710392090181509,0.22896079175795117,0.5065974822888771,0.0829730393209805,0.26566544113059837,0,1,0.7710392090181509,0.5065974822888771
1,Ga+Ju,Si,SiCo30,Si,0,0.7331914325865606,0.26680857393269736,0.507713266958793,0.07543739977215107,0.24007141962647438,0,1,0.7331914325865606,0.507713266958793
1,Ga+Ju,Si,SiPt02,Si,1,0.1332911086816845,0.8667088958124319,0.3610501427732136,0.08970360630799123,0.29193841713761987,1,1,0.8667088958124319,0.3610501427732136
1,Ga+Ju,Si,SiPt04,Si,1,0.8143855637560288,0.1856144272411863,0.4485272591312726,0.06060388568827572,0.20341202492515245,0,0,0.8143855637560288,0.4485272591312726
1,Ga+Ju,Si,SiPt05,Si,1,0.58843998934996,0.41156001295894384,0.552093071086953,0.1213469776371691,0.3510256289737299,0,0,0.58843998934996,0.552093071086953
1,Ga+Ju,Si,SiPt07,Si,1,0.38700743081669015,0.612992562353611,0.6632533706724644,0.22613136594494185,0.6237817996491989,1,1,0.612992562353611,0.6632533706724644
1,Ga+Ju,Si,SiPt08,Si,1,0.33619817026434856,0.6638018259157737,0.5063484389490137,0.11061352252368313,0.3022538520745002,1,1,0.6638018259157737,0.5063484389490137
1,Ga+Ju,Si,SiPt09,Si,1,0.4494718536734581,0.550528139496843,0.6636626596252123,0.1628680700281014,0.4381820683677991,1,1,0.550528139496843,0.6636626596252123
1,Ga+Ju,Si,SiPt10,Si,1,0.05485520673391875,0.9451448035736879,0.20510065671987832,0.006104780049118593,0.050040163119168334,1,1,0.9451448035736879,0.20510065671987832
1,Ga+Ju,Si,SiPt12,Si,1,0.23542472833181213,0.7645752808700005,0.45990369266898296,0.10112135877889057,0.28720921231676283,1,1,0.7645752808700005,0.45990369266898296
1,Ga+Ju,Si,SiPt13,Si,1,0.04913494915914877,0.9508650513986746,0.1865712465175117,0.005913567092136418,0.048670628224499524,1,1,0.9508650513986746,0.1865712465175117
1,Ga+Ju,Si,SiPt14,Si,1,0.2839196548399438,0.7160803464551767,0.5517875185469165,0.13276886206637073,0.36966567940544337,1,1,0.7160803464551767,0.5517875185469165
1,Ga+Ju,Si,SiPt15,Si,1,0.0009505101740311753,0.9990494983891646,0.007263260145312718,4.929143461868124e-06,0.0011616309535990392,1,1,0.9990494983891646,0.007263260145312718
1,Ga+Ju,Si,SiPt16,Si,1,0.4948096442967653,0.5051903569449981,0.6613423191010952,0.12146276522738238,0.31788200574616593,1,1,0.5051903569449981,0.6613423191010952
1,Ga+Ju,Si,SiPt17,Si,1,0.6643682462939372,0.3356317544045548,0.5136512195070585,0.08157807658426464,0.24829126490900913,0,0,0.6643682462939372,0.5136512195070585
1,Ga+Ju,Si,SiPt18,Si,1,0.5238470140999804,0.4761529853567481,0.5522685861214995,0.0552345333486907,0.15670494774046043,0,0,0.5238470140999804,0.5522685861214995
1,Ga+Ju,Si,SiPt19,Si,1,0.1769093781343448,0.8230906240642071,0.4209703168356403,0.08412901950005391,0.2479018914042778,1,1,0.8230906240642071,0.4209703168356403
1,Ga+Ju,Si,SiPt20,Si,1,0.12575988824634501,0.8742401109387478,0.2995812779602905,0.04088884151436408,0.1264482893360158,1,1,0.8742401109387478,0.2995812779602905
1,Ga+Ju,Si,SiPt21,Si,1,0.16829771571792662,0.8317022919654846,0.4019220876507461,0.07810373349760387,0.23177920638894042,1,1,0.8317022919654846,0.4019220876507461
1,Ga+Ju,Si,SiPt22,Si,1,0.026072085780469934,0.9739279101292292,0.08333579107420519,0.009304594860069551,0.03355345820697645,1,1,0.9739279101292292,0.08333579107420519
1,Ga+Ju,Si,SiPt23,Si,1,0.1207983351778239,0.879201665520668,0.3418809537931035,0.04681465192091613,0.17745725717395544,1,1,0.879201665520668,0.3418809537931035
1,Ga+Ju,Si,SiPt24,Si,1,0.11262489538057707,0.8873751126229763,0.30027816409710795,0.03592158733998948,0.12200739127971853,1,1,0.8873751126229763,0.30027816409710795
1,Ga+Ju,Si,SiPt25,Si,1,0.07068643940813975,0.9293135590851307,0.23874702507358356,0.009296688831219294,0.05989477316325065,1,1,0.9293135590851307,0.23874702507358356
1,Ga+Ju,Si,SiPt27,Si,1,0.002861513985408237,0.9971384902795156,0.018786419638975833,2.7416111743949756e-05,0.0028947439617089308,1,1,0.9971384902795156,0.018786419638975833
1,Ga+Ju,Si,SiPt28,Si,1,0.04994381386980725,0.9500561915338039,0.17852206027600914,0.008189540984555302,0.053923665875724204,1,1,0.9500561915338039,0.17852206027600914
1,Ga+Ju,Si,SiPt29,Si,1,0.03190223055329019,0.968097772449255,0.11262395942079213,0.009317798363718785,0.04426249209791422,1,1,0.968097772449255,0.11262395942079213
1,Ga+Ju,Si,SiPt30,Si,1,0.22345015693766376,0.7765498409668604,0.471354191036274,0.05257119290157183,0.1665563864323,1,1,0.7765498409668604,0.471354191036274
1,Ga+Ju,Si,SiPt31,Si,1,0.009257030714555489,0.9907429702579975,0.049750201539912574,0.00044308092248475833,0.010735463253998509,1,1,0.9907429702579975,0.049750201539912574
1,Ga+Ju,Si,SiPt32,Si,1,0.3331200674486657,0.6668799264977375,0.5848632312069336,0.09795149994897656,0.2749851221839587,1,1,0.6668799264977375,0.5848632312069336
1,Ga+Ju,Si,SiPt33,Si,1,0.21909638148887703,0.780903622508049,0.5008412806006769,0.06952387381898006,0.2251131972298026,1,1,0.780903622508049,0.5008412806006769
1,Ga+Ju,Si,SiPt34,Si,1,0.3009127805319925,0.6990872205545505,0.5701531150067846,0.1252037988282003,0.34889126056805253,1,1,0.6990872205545505,0.5701531150067846
1,Ga+Ju,Si,SiPt35,Si,1,0.6655673397084078,0.334432660912474,0.5727754576752583,0.1361349175373713,0.37995233448843163,0,0,0.6655673397084078,0.5727754576752583
1,Ga+Ju,Si,SiPt36,Si,1,0.019452628859047156,0.9805473759770393,0.08925684805338581,0.0013741798744793716,0.01893025867563362,1,1,0.9805473759770393,0.08925684805338581
1,Ga+Ju,Si,SiPt37,Si,1,0.30704131465730217,0.6929586812232932,0.45833759557960246,0.033419181163966506,0.11111520119205427,1,1,0.6929586812232932,0.45833759557960246
1,Ga+Ju,Si,SiPt38,Si,1,0.22582679707556963,0.774173203855753,0.5298671865214905,0.09585087862797081,0.28850009975334007,1,1,0.774173203855753,0.5298671865214905
1,Ga+Ju,Si,SiPt39,Si,1,0.012046309260767885,0.9879536926746368,0.06275751777381326,0.00037139858622303734,0.012313114920592247,1,1,0.9879536926746368,0.06275751777381326
1,Ga+Ju,Si,SiPt40,Si,1,0.05242199120887866,0.947578007976214,0.20063966986102363,0.012023109027116638,0.08457662793807685,1,1,0.947578007976214,0.20063966986102363
2,Ga+Si,Ju,JuCo01,Ju,0,0.6341472339062464,0.3658527639650163,0.6249852506887346,0.05605076219043916,0.14063067805199397,0,1,0.6341472339062464,0.6249852506887346
2,Ga+Si,Ju,JuCo02,Ju,0,0.8944276385009289,0.1055723411263898,0.30329009145498276,0.019018174985831138,0.07386151049286127,0,1,0.8944276385009289,0.30329009145498276
2,Ga+Si,Ju,JuCo03,Ju,0,0.2291940376162529,0.7708059623837471,0.5147190969437361,0.012338806445768569,0.039327322505414486,1,0,0.7708059623837471,0.5147190969437361
2,Ga+Si,Ju,JuCo04,Ju,0,0.7422318334380785,0.2577681628366311,0.5140711954898305,0.027015283367493086,0.08129112339682049,0,1,0.7422318334380785,0.5140711954898305
2,Ga+Si,Ju,JuCo05,Ju,0,0.5704447090625763,0.42955528625420164,0.6585799370493207,0.06109536471111434,0.16064342856407166,0,1,0.5704447090625763,0.6585799370493207
2,Ga+Si,Ju,JuCo06,Ju,0,0.1636822539806852,0.8363177335780599,0.41347892068164505,0.018575331648306652,0.060321227120964424,1,0,0.8363177335780599,0.41347892068164505
2,Ga+Si,Ju,JuCo07,Ju,0,0.5429900079034269,0.45700997952371836,0.6644776705652475,0.12179064168594778,0.31246565096080303,0,1,0.5429900079034269,0.6644776705652475
2,Ga+Si,Ju,JuCo08,Ju,0,0.6229144269318292,0.37708558097030176,0.5885016584035122,0.06419748244242686,0.15697010945190082,0,1,0.6229144269318292,0.5885016584035122
2,Ga+Si,Ju,JuCo09,Ju,0,0.8252085389629487,0.17479146151773392,0.44477638121574153,0.01700544366312604,0.06511148329704039,0,1,0.8252085389629487,0.44477638121574153
2,Ga+Si,Ju,JuCo11,Ju,0,0.2248912291187379,0.7751087811258104,0.5068749280439483,0.046357194281881675,0.14248244961102804,1,0,0.7751087811258104,0.5068749280439483
2,Ga+Si,Ju,JuCo12,Ju,0,0.3564599738701394,0.643540014561854,0.6101647289960008,0.09654996074019245,0.24342830596785797,1,0,0.643540014561854,0.6101647289960008
2,Ga+Si,Ju,JuCo13,Ju,0,0.9676149156358507,0.032385091142108045,0.1382985453431805,0.0024571287350328122,0.03065140514324109,0,1,0.9676149156358507,0.1382985453431805
2,Ga+Si,Ju,JuCo14,Ju,0,0.03497455178970291,0.9650254441845801,0.14374262827538675,0.0037633845805107886,0.03757535636184677,1,0,0.9650254441845801,0.14374262827538675
2,Ga+Si,Ju,JuCo15,Ju,0,0.4801519927051332,0.5198479990164439,0.6771006286144257,0.12590837685598266,0.31901150941848755,1,0,0.5198479990164439,0.6771006286144257
2,Ga+Si,Ju,JuCo16,Ju,0,0.7948980251948039,0.2051019707073768,0.40219969948132833,0.024281875979310523,0.07586961736281712,0,1,0.7948980251948039,0.40219969948132833
2,Ga+Si,Ju,JuCo17,Ju,0,0.9566986241510936,0.04330138589388558,0.16359738606427396,0.004195132003587787,0.02822681689368827,0,1,0.9566986241510936,0.16359738606427396
2,Ga+Si,Ju,JuCo18,Ju,0,0.713511686358187,0.2864883198506302,0.5626770779490471,0.057315413736634784,0.1707906590567695,0,1,0.713511686358187,0.5626770779490471
2,Ga+Si,Ju,JuCo19,Ju,0,0.8621683409985375,0.13783165198915145,0.3378194105975768,0.019375150624375025,0.07670836413607877,0,1,0.8621683409985375,0.3378194105975768
2,Ga+Si,Ju,JuCo20,Ju,0,0.34629190074545996,0.6537080967710132,0.6120436776961599,0.07518643111550427,0.19821748598700478,1,0,0.6537080967710132,0.6120436776961599
2,Ga+Si,Ju,JuCo21,Ju,0,0.3736522658482978,0.6263477339556343,0.637980403084504,0.028500130142722475,0.06756086647510529,1,0,0.6263477339556343,0.637980403084504
2,Ga+Si,Ju,JuCo22,Ju,0,0.7293063464917635,0.2706936563512212,0.5093533647687811,0.050400680654044995,0.14289665967226028,0,1,0.7293063464917635,0.5093533647687811
2,Ga+Si,Ju,JuCo23,Ju,0,0.3693830791192177,0.6306169101825128,0.6102363398441901,0.12008022125332783,0.32204123529104084,1,0,0.6306169101825128,0.6102363398441901
2,Ga+Si,Ju,JuCo24,Ju,0,0.8576600253582001,0.14233998564304784,0.38434031000360847,0.03728479377605254,0.1236736155115068,0,1,0.8576600253582001,0.38434031000360847
2,Ga+Si,Ju,JuCo25,Ju,0,0.5695502193588199,0.4304497774803277,0.6474255395658088,0.06962777042027676,0.1756761119221196,0,1,0.5695502193588199,0.6474255395658088
2,Ga+Si,Ju,JuCo26,Ju,0,0.766197768971324,0.23380221985280514,0.5006567155942321,0.03484878208837472,0.10527944937348366,0,1,0.766197768971324,0.5006567155942321
2,Ga+Si,Ju,JuPt01,Ju,1,0.6106237659305521,0.3893762327825578,0.6005972944477802,0.06985332615155994,0.18213236428261947,0,0,0.6106237659305521,0.6005972944477802
2,Ga+Si,Ju,JuPt02,Ju,1,0.4859458302909678,0.5140541615811262,0.6630367149006237,0.10430915992368352,0.2493037527257746,1,1,0.5140541615811262,0.6630367149006237
2,Ga+Si,Ju,JuPt03,Ju,1,0.17591992831154404,0.824080072228643,0.4473471761004127,0.07451187048572074,0.22394291223294127,1,1,0.824080072228643,0.4473471761004127
2,Ga+Si,Ju,JuPt04,Ju,1,0.013165835979161784,0.9868341636657715,0.057068901993334295,0.002642531529248231,0.020983637738972903,1,1,0.9868341636657715,0.057068901993334295
2,Ga+Si,Ju,JuPt05,Ju,1,0.6756571671542,0.32434283722849455,0.579667363096686,0.04184944316854372,0.11331325594116659,0,0,0.6756571671542,0.579667363096686
2,Ga+Si,Ju,JuPt06,Ju,1,0.3008525358371497,0.699147463523247,0.5831908175329169,0.10584359460975978,0.2868122440173298,1,1,0.699147463523247,0.5831908175329169
2,Ga+Si,Ju,JuPt07,Ju,1,0.31832783420880634,0.6816721790366702,0.6029710438516405,0.05798607805950774,0.16094106270207298,1,1,0.6816721790366702,0.6029710438516405
2,Ga+Si,Ju,JuPt08,Ju,1,0.1722951903939247,0.8277047977728003,0.4496253641212688,0.04662221752326278,0.1699264663107255,1,1,0.8277047977728003,0.4496253641212688
2,Ga+Si,Ju,JuPt09,Ju,1,0.06181986524976635,0.9381801351635357,0.2215186078284484,0.0062386501048542885,0.03937334521657159,1,1,0.9381801351635357,0.2215186078284484
2,Ga+Si,Ju,JuPt10,Ju,1,0.20623983873224336,0.7937601612692706,0.4730957977086142,0.05174444034840098,0.1608205185459351,1,1,0.7937601612692706,0.4730957977086142
2,Ga+Si,Ju,JuPt11,Ju,1,0.558995104540699,0.4410048944176678,0.6231942685418967,0.09601373422528514,0.2562186188803275,0,0,0.558995104540699,0.6231942685418967
2,Ga+Si,Ju,JuPt12,Ju,1,0.212464178697421,0.7875358233085046,0.4794134375376579,0.04510401794089912,0.14115334951724762,1,1,0.7875358233085046,0.4794134375376579
2,Ga+Si,Ju,JuPt13,Ju,1,0.020476082898676397,0.9795239155109112,0.09013895561488774,0.0028923464925495724,0.021128026281411832,1,1,0.9795239155109112,0.09013895561488774
2,Ga+Si,Ju,JuPt14,Ju,1,0.022517482175471934,0.9774825319330743,0.09797330097632205,0.0010198610770628953,0.011133553816917096,1,1,0.9774825319330743,0.09797330097632205
2,Ga+Si,Ju,JuPt15,Ju,1,0.7115084963435886,0.2884915062019989,0.5765612529692055,0.08486609131878667,0.2232336098940327,0,0,0.7115084963435886,0.5765612529692055
2,Ga+Si,Ju,JuPt16,Ju,1,0.09566953598537989,0.9043304721514384,0.3037438736411563,0.008286861238159696,0.04708229671967657,1,1,0.9043304721514384,0.3037438736411563
2,Ga+Si,Ju,JuPt17,Ju,1,0.2622571948327516,0.7377427996773469,0.5294660839595293,0.035889513612920906,0.10625010611195314,1,1,0.7377427996773469,0.5294660839595293
2,Ga+Si,Ju,JuPt18,Ju,1,0.006819886550476354,0.9931801086380369,0.0385579200056825,0.00015285725150758925,0.0051804105546103705,1,1,0.9931801086380369,0.0385579200056825
2,Ga+Si,Ju,JuPt19,Ju,1,0.4004832727683557,0.5995167300507829,0.6543252854733854,0.10979866095491357,0.2822614288007891,1,1,0.5995167300507829,0.6543252854733854
2,Ga+Si,Ju,JuPt20,Ju,1,0.29264537332652124,0.7073546244399201,0.5585602597996076,0.06910595053997372,0.18394620562786157,1,1,0.7073546244399201,0.5585602597996076
2,Ga+Si,Ju,JuPt21,Ju,1,0.3203572458814608,0.6796427541023308,0.6160093764836839,0.13487626790147741,0.3634246570605994,1,1,0.6796427541023308,0.6160093764836839
2,Ga+Si,Ju,JuPt22,Ju,1,0.03231875331360189,0.9676812501514659,0.13889226717326572,0.0014672999862287886,0.019676579491180533,1,1,0.9676812501514659,0.13889226717326572
2,Ga+Si,Ju,JuPt23,Ju,1,0.769474743939981,0.23052525644884728,0.4182501778162367,0.034591783673773434,0.1003660482583376,0,0,0.769474743939981,0.4182501778162367
2,Ga+Si,Ju,JuPt24,Ju,1,0.16892680043979041,0.831073200668801,0.4348620119077774,0.03773900678862846,0.12641240659198075,1,1,0.831073200668801,0.4348620119077774
2,Ga+Si,Ju,JuPt25,Ju,1,0.08018868810568865,0.9198113251955081,0.2551377402284207,0.021722687028952165,0.09803570883396344,1,1,0.9198113251955081,0.2551377402284207
2,Ga+Si,Ju,JuPt26,Ju,1,0.36104205557115615,0.6389579391884672,0.5729685222900365,0.06362988971560544,0.16628398465794778,1,1,0.6389579391884672,0.5729685222900365
2,Ga+Si,Ju,JuPt27,Ju,1,0.5270129457116127,0.4729870580136776,0.6436858754605055,0.07077433930244297,0.18113609552383422,0,0,0.5270129457116127,0.6436858754605055
2,Ga+Si,Ju,JuPt28,Ju,1,0.026069036690779597,0.973930964323752,0.11405308817181455,0.0011881296577018645,0.015160532305593707,1,1,0.973930964323752,0.11405308817181455
2,Ga+Si,Ju,JuPt29,Ju,1,0.37087207075890555,0.6291279277524854,0.5986111876851404,0.04237024898815993,0.10775565906957489,1,1,0.6291279277524854,0.5986111876851404
3,Ju+Si,Ga,GaCo01,Ga,0,0.32884482848462326,0.6711551740567074,0.32777984087740225,0.07347488773649154,0.2196185361078733,1,0,0.6711551740567074,0.32777984087740225
3,Ju+Si,Ga,GaCo02,Ga,0,0.9970338804026445,0.0029661206142772723,0.008327428580529811,0.001953981094345486,0.00680503271366243,0,1,0.9970338804026445,0.008327428580529811
3,Ju+Si,Ga,GaCo03,Ga,0,0.9762642880280812,0.023735716383708663,0.05622305698737977,0.011985181628684824,0.039322970577786914,0,1,0.9762642880280812,0.05622305698737977
3,Ju+Si,Ga,GaCo04,Ga,0,0.08785276676202258,0.912147228140384,0.18288061899304847,0.042495301401649956,0.13228688814654768,1,0,0.912147228140384,0.18288061899304847
3,Ju+Si,Ga,GaCo05,Ga,0,0.004609275929757454,0.9953907274951538,0.013666214370594744,0.0027482043395894626,0.010002982307956494,1,0,0.9953907274951538,0.013666214370594744
3,Ju+Si,Ga,GaCo06,Ga,0,0.011831598262377842,0.9881684069616208,0.031966254331521296,0.00559812834919296,0.019553364438952503,1,0,0.9881684069616208,0.031966254331521296
3,Ju+Si,Ga,GaCo07,Ga,0,2.2778727081036682e-07,0.99999977213641,2.6805462228343827e-06,1.9743177000675784e-11,3.6650797367084736e-07,1,0,0.99999977213641,2.6805462228343827e-06
3,Ju+Si,Ga,GaCo08,Ga,0,7.232324690869052e-13,1.0,4.414022664811617e-11,0.0,9.251493885212292e-13,1,0,1.0,4.414022664811617e-11
3,Ju+Si,Ga,GaCo09,Ga,0,7.72616179829727e-10,1.0,1.3717046794920699e-08,8.88178432935015e-17,4.911814383681245e-10,1,0,1.0,1.3717046794920699e-08
3,Ju+Si,Ga,GaCo10,Ga,0,0.0009492945682700398,0.9990507004161676,0.004813481557162837,8.33283644836092e-05,0.0015578106038285418,1,0,0.9990507004161676,0.004813481557162837
3,Ju+Si,Ga,GaCo11,Ga,0,0.9965403514603773,0.0034596531369409747,0.010163227056468221,0.0008008461449994739,0.0036857672679128403,0,1,0.9965403514603773,0.010163227056468221
3,Ju+Si,Ga,GaCo12,Ga,0,0.9790370327730974,0.02096297334580276,0.050517368573475635,0.007917223945094108,0.026409907003837496,0,1,0.9790370327730974,0.050517368573475635
3,Ju+Si,Ga,GaCo13,Ga,0,0.6528050463738634,0.3471949559390588,0.45550054315573557,0.14024094417206953,0.39816406305957724,0,1,0.6528050463738634,0.45550054315573557
3,Ju+Si,Ga,GaCo14,Ga,0,0.6770726757951908,0.32292732670127106,0.5658876879347695,0.17690287005178915,0.517951660272148,0,1,0.6770726757951908,0.5658876879347695
3,Ju+Si,Ga,GaCo15,Ga,0,2.193066452800004e-11,1.0,4.5649883567025334e-10,0.0,3.5005925735774296e-11,1,0,1.0,4.5649883567025334e-10
3,Ju+Si,Ga,GaCo16,Ga,0,0.7092346505071773,0.29076535002606835,0.4315714451295687,0.12224956739270039,0.36142262087431365,0,1,0.7092346505071773,0.4315714451295687
3,Ju+Si,Ga,GaCo17,Ga,0,0.99589561091529,0.0041043928423291545,0.01202415380122667,0.0008612216417192291,0.003985300079018511,0,1,0.99589561091529,0.01202415380122667
3,Ju+Si,Ga,GaCo22,Ga,0,0.7406680534283321,0.2593319443419473,0.4880217773102903,0.14307535472623617,0.4175066215902111,0,1,0.7406680534283321,0.4880217773102903
3,Ju+Si,Ga,GaPt03,Ga,1,3.746084851741312e-09,0.9999999950329462,6.591832124580848e-08,1.6579330571655083e-15,7.004290357242281e-09,1,1,0.9999999950329462,6.591832124580848e-08
3,Ju+Si,Ga,GaPt04,Ga,1,1.1429337528643126e-12,1.0,5.3112363501752837e-11,0.0,4.741315124077531e-13,1,1,1.0,5.3112363501752837e-11
3,Ju+Si,Ga,GaPt05,Ga,1,0.2650688296488421,0.7349311808745066,0.5135711001785808,0.14387361733118817,0.42319727802833995,1,1,0.7349311808745066,0.5135711001785808
3,Ju+Si,Ga,GaPt06,Ga,1,0.4360122381687385,0.5639877675954873,0.4792173930278902,0.11535318400340026,0.32604517271829536,1,1,0.5639877675954873,0.4792173930278902
3,Ju+Si,Ga,GaPt07,Ga,1,0.07505267126485185,0.9249473229671519,0.16234527642795848,0.04116897074004371,0.12643215863194457,1,1,0.9249473229671519,0.16234527642795848
3,Ju+Si,Ga,GaPt08,Ga,1,0.0027693426234477597,0.9972306496153276,0.010123476837830806,0.0010788106035865622,0.005126550136531257,1,1,0.9972306496153276,0.010123476837830806
3,Ju+Si,Ga,GaPt09,Ga,1,1.4242349904524758e-06,0.9999985756973426,1.415203324805756e-05,7.678399101723405e-10,2.274567643142604e-06,1,1,0.9999985756973426,1.415203324805756e-05
3,Ju+Si,Ga,GaPt12,Ga,1,1.227458127165634e-18,1.0,2.7631020735330303e-11,0.0,1.734723475976807e-18,1,1,1.0,2.7631020735330303e-11
3,Ju+Si,Ga,GaPt13,Ga,1,8.235931069652059e-12,1.0,2.0191801555903863e-10,0.0,1.2316482758447286e-11,1,1,1.0,2.0191801555903863e-10
3,Ju+Si,Ga,GaPt14,Ga,1,0.003433285975749003,0.996566716167662,0.01002912839673531,0.0023031903865907925,0.008029232156102612,1,1,0.996566716167662,0.01002912839673531
3,Ju+Si,Ga,GaPt15,Ga,1,0.19924543219173688,0.800754571126567,0.41464036514323893,0.12402763066350887,0.3688730767078438,1,1,0.800754571126567,0.41464036514323893
3,Ju+Si,Ga,GaPt16,Ga,1,0.022946850408541636,0.9770531538459989,0.05666336089501861,0.013811987464724187,0.04533230470535268,1,1,0.9770531538459989,0.05666336089501861
3,Ju+Si,Ga,GaPt17,Ga,1,0.008383558372371343,0.9916164411438836,0.02406657476875389,0.005023042740991396,0.017496166040388794,1,1,0.9916164411438836,0.02406657476875389
3,Ju+Si,Ga,GaPt18,Ga,1,0.3746437433959621,0.6253562515285741,0.33017295689862153,0.08603977871682382,0.24776869317163608,1,1,0.6253562515285741,0.33017295689862153
3,Ju+Si,Ga,GaPt19,Ga,1,0.8806545570906666,0.1193454421459556,0.250388807612213,0.0696550758273219,0.20823976403471667,0,0,0.8806545570906666,0.250388807612213
3,Ju+Si,Ga,GaPt20,Ga,1,0.0033301711088742163,0.996669831375281,0.009589441828270167,0.002283109177038081,0.007830142080192023,1,1,0.996669831375281,0.009589441828270167
3,Ju+Si,Ga,GaPt21,Ga,1,0.5734430204869972,0.4265569796876258,0.6313014522246602,0.19572042198099857,0.5491262411491739,0,0,0.5734430204869972,0.6313014522246602
3,Ju+Si,Ga,GaPt22,Ga,1,0.7000610291272298,0.29993896562103195,0.3864104918888593,0.07934314993390325,0.2306437052900744,0,0,0.7000610291272298,0.3864104918888593
3,Ju+Si,Ga,GaPt23,Ga,1,0.09952775650211083,0.9004722432129912,0.23338418595092972,0.05688426159602387,0.1798631993786172,1,1,0.9004722432129912,0.23338418595092972
3,Ju+Si,Ga,GaPt24,Ga,1,0.15023003318773878,0.8497699669872721,0.3317269407845935,0.08409517104950424,0.2587856741247419,1,1,0.8497699669872721,0.3317269407845935
3,Ju+Si,Ga,GaPt25,Ga,1,0.9675968926813868,0.03240311094543281,0.06254351532870711,0.015761716456463674,0.04620826704571779,0,0,0.9675968926813868,0.06254351532870711
3,Ju+Si,Ga,GaPt26,Ga,1,0.007526805707472485,0.9924731978939638,0.0194435352433135,0.003782043300403675,0.012233223076678642,1,1,0.9924731978939638,0.0194435352433135
3,Ju+Si,Ga,GaPt27,Ga,1,0.8231295061608156,0.17687049357051485,0.32666795041907093,0.09973674419290861,0.2875076699859928,0,0,0.8231295061608156,0.32666795041907093
3,Ju+Si,Ga,GaPt28,Ga,1,0.7644376505373254,0.23556235122532912,0.4956988678259475,0.1509386794471437,0.4628217053286284,0,0,0.7644376505373254,0.4956988678259475
3,Ju+Si,Ga,GaPt29,Ga,1,0.3817284293501866,0.6182715705255962,0.47534582070743275,0.1333854603708943,0.38149115450539806,1,1,0.6182715705255962,0.47534582070743275
3,Ju+Si,Ga,GaPt30,Ga,1,0.0700171438479139,0.9299828530185752,0.19474803049086117,0.04566786889254174,0.15481264346074838,1,1,0.9299828530185752,0.19474803049086117
3,Ju+Si,Ga,GaPt31,Ga,1,0.008222163117284081,0.991777841001749,0.022693693825188405,0.005280972846972035,0.0176387436928426,1,1,0.991777841001749,0.022693693825188405
3,Ju+Si,Ga,GaPt32,Ga,1,1.2813837824743841e-07,0.9999998712705241,1.650611534024815e-06,4.023759098862727e-12,1.858017325319955e-07,1,1,0.9999998712705241,1.650611534024815e-06
3,Ju+Si,Ga,GaPt33,Ga,1,7.939198332752246e-08,0.9999999213549825,9.849220190393405e-07,3.5927015220846317e-12,1.27127968725737e-07,1,1,0.9999999213549825,9.849220190393405e-07
