method,accuracy,balanced_accuracy,sensitivity,specificity,f1,roc_auc,nll,brier,ece,error_detection_auroc,aurc,mean_uncertainty_correct,mean_uncertainty_incorrect,experiment,train_cohorts,test_cohort,num_members
Deep Ensemble,0.78125,0.7733990147783252,0.8571428571428571,0.6896551724137931,0.8108108108108109,0.8029556650246306,0.6018962678024345,0.1808413655223965,0.10852643503820521,0.4857142857142857,0.2081062051495504,0.4298752475887644,0.44293450222106745,1,Ga+Ju,Si,5
Softmax,0.53125,0.5004926108374385,0.8285714285714286,0.1724137931034483,0.6590909090909091,0.6118226600985222,0.9669615121707862,0.31624123991055986,0.28649509741556867,0.6509803921568629,0.3233185668383829,0.15959974803833987,0.22459621085352438,1,Ga+Ju,Si,1
Temperature Scaling,0.53125,0.5004926108374385,0.8285714285714286,0.1724137931034483,0.6590909090909091,0.6226600985221674,0.7633730557257368,0.2739547839673224,0.20751272578151725,0.6637254901960785,0.3157116624124253,0.2260020302572087,0.3011705507079266,1,Ga+Ju,Si,1
EDL,0.546875,0.5147783251231527,0.8571428571428571,0.1724137931034483,0.6741573033707865,0.625615763546798,0.676592940554347,0.24324281377036633,0.1316419394958454,0.5704433497536946,0.3671612517030385,0.3523021926039031,0.3650939615186432,1,Ga+Ju,Si,1
MC Dropout,0.5,0.4660098522167488,0.8285714285714286,0.10344827586206896,0.6444444444444445,0.6147783251231528,0.8503576739566494,0.2938141353563831,0.2772569917663574,0.708984375,0.3218592117810878,0.358283398188784,0.4983777897469963,1,Ga+Ju,Si,1
Deep Ensemble,0.7222222222222222,0.7165517241379311,0.7931034482758621,0.64,0.7540983606557377,0.8068965517241379,0.5435048214886341,0.18175602635284058,0.06657004243240708,0.694017094017094,0.15458832993595686,0.4211696915184828,0.5445531723008206,2,Ga+Si,Ju,5
Softmax,0.7407407407407407,0.7337931034482759,0.8275862068965517,0.64,0.7741935483870968,0.8289655172413792,0.5304405114873003,0.17392307465218185,0.05566938688608487,0.7303571428571428,0.13063116980992076,0.18244299667086022,0.2985257341433768,2,Ga+Si,Ju,1
Temperature Scaling,0.7407407407407407,0.7337931034482759,0.8275862068965517,0.64,0.7741935483870968,0.8317241379310345,0.5118564224012925,0.17079038953801062,0.07061753862708277,0.7375,0.1278837794695622,0.24070975154279645,0.34724875153931317,2,Ga+Si,Ju,1
EDL,0.7407407407407407,0.7337931034482759,0.8275862068965517,0.64,0.7741935483870968,0.830344827586207,0.5587692809278033,0.18661794835943818,0.11051100037203211,0.6339285714285714,0.17307922115993635,0.45454679126537423,0.47500885771050383,2,Ga+Si,Ju,1
MC Dropout,0.7407407407407407,0.7337931034482759,0.8275862068965517,0.64,0.7741935483870968,0.8344827586206897,0.5091875232155239,0.17042291350461997,0.0516778546723597,0.7303571428571428,0.12495871954142522,0.4630004294667442,0.5778673272008278,2,Ga+Si,Ju,1
Deep Ensemble,0.6808510638297872,0.646551724137931,0.7931034482758621,0.5,0.7540983606557377,0.6120689655172414,2.396147678198568,0.2776177960655864,0.24260265405641368,0.5,0.32490743823105017,0.16768796324070143,0.1809413460128731,3,Ju+Si,Ga,5
Softmax,0.6382978723404256,0.6015325670498084,0.7586206896551724,0.4444444444444444,0.7213114754098361,0.6235632183908045,3.8659088360186797,0.2949676827506294,0.30750877501250184,0.5764705882352941,0.389275876403749,0.02999210607017471,0.11765658242895108,3,Ju+Si,Ga,1
Temperature Scaling,0.6595744680851063,0.6293103448275862,0.7586206896551724,0.5,0.7333333333333333,0.6168582375478927,1.1291983108880583,0.27373650864320703,0.23856391947454078,0.5161290322580645,0.3460253991580707,0.09874102901671712,0.14684941305221869,3,Ju+Si,Ga,1
EDL,0.6382978723404256,0.6015325670498084,0.7586206896551724,0.4444444444444444,0.7213114754098361,0.6053639846743295,0.9502922514306457,0.27221095468688095,0.2592117206519742,0.5333333333333333,0.3693529917146636,0.09412833422689361,0.11633694730351703,3,Ju+Si,Ga,1
MC Dropout,0.6595744680851063,0.6293103448275862,0.7586206896551724,0.5,0.7333333333333333,0.6226053639846743,3.1219339428110966,0.2918568121122993,0.3011295673972634,0.560483870967742,0.3159399412969341,0.04283229276446726,0.09976578455958654,3,Ju+Si,Ga,1
