sample_id,true_label,predicted_label,is_correct,e_HC,e_PD,alpha_HC,alpha_PD,P_HC,P_PD,uncertainty
test_img_0,0,0,1,4.711137294769287,0.05071419104933739,5.711137294769287,1.050714135169983,0.8446114659309387,0.15538853406906128,0.29577699303627014
test_img_1,0,0,1,4.807697772979736,0.046699218451976776,5.807697772979736,1.0466991662979126,0.8472952246665955,0.15270477533340454,0.29178351163864136
test_img_2,0,0,1,5.677476406097412,0.030371377244591713,6.677476406097412,1.0303714275360107,0.8663218021392822,0.13367822766304016,0.25947579741477966
test_img_3,0,0,1,5.7995452880859375,0.028329910710453987,6.7995452880859375,1.0283299684524536,0.8686323165893555,0.13136769831180573,0.25549718737602234
test_img_4,0,0,1,4.775395393371582,0.0470832996070385,5.775395393371582,1.0470832586288452,0.8465244770050049,0.15347549319267273,0.29314857721328735
test_img_5,0,0,1,4.905289173126221,0.043553512543439865,5.905289173126221,1.0435534715652466,0.8498234152793884,0.15017658472061157,0.28781771659851074
test_img_6,0,0,1,5.521499156951904,0.03189423307776451,6.521499156951904,1.0318942070007324,0.8633866906166077,0.13661332428455353,0.264781653881073
test_img_7,0,0,1,5.810376167297363,0.027719711884856224,6.810376167297363,1.0277197360992432,0.8688814640045166,0.1311185508966446,0.2551640272140503
test_img_8,0,0,1,4.63021183013916,0.04717527702450752,5.63021183013916,1.0471752882003784,0.8431758880615234,0.15682411193847656,0.299518346786499
test_img_9,0,0,1,5.2235517501831055,0.035871122032403946,6.2235517501831055,1.035871148109436,0.857306718826294,0.14269332587718964,0.2755039930343628
test_img_10,0,0,1,5.5858988761901855,0.031857289373874664,6.5858988761901855,1.0318572521209717,0.8645458221435547,0.1354542225599289,0.26254451274871826
test_img_11,0,0,1,5.4095048904418945,0.03586183860898018,6.4095048904418945,1.035861849784851,0.8608716130256653,0.13912838697433472,0.2686234414577484
test_img_12,0,0,1,4.7998247146606445,0.04680177569389343,5.7998247146606445,1.0468018054962158,0.84710693359375,0.1528930813074112,0.2921146750450134
test_img_13,0,0,1,4.656231880187988,0.050368599593639374,5.656231880187988,1.0503685474395752,0.8433828949928284,0.15661713480949402,0.2982136905193329
test_img_14,0,0,1,5.256331443786621,0.037177566438913345,6.256331443786621,1.037177562713623,0.857794463634491,0.14220556616783142,0.2742164433002472
test_img_15,0,0,1,5.504027366638184,0.0331505723297596,6.504027366638184,1.033150553703308,0.8629260659217834,0.13707391917705536,0.2653512954711914
test_img_16,1,1,1,0.17721928656101227,1.879681944847107,1.177219271659851,2.8796820640563965,0.29017695784568787,0.7098230123519897,0.4929870665073395
test_img_17,1,1,1,0.15131445229053497,1.8294432163238525,1.1513144969940186,2.8294432163238525,0.2892199456691742,0.7107800841331482,0.5024169087409973
test_img_18,1,1,1,0.1388310045003891,1.9951732158660889,1.1388310194015503,2.995173215866089,0.27547892928123474,0.7245211005210876,0.4837924540042877
test_img_19,1,1,1,0.1441093534231186,1.9121700525283813,1.1441093683242798,2.912169933319092,0.28205883502960205,0.7179412245750427,0.49306270480155945
test_img_20,1,1,1,0.15995875000953674,1.7993327379226685,1.1599587202072144,2.799332618713379,0.29297128319740295,0.7070286870002747,0.5051409006118774
test_img_21,1,1,1,0.2038622498512268,1.5980634689331055,1.203862190246582,2.5980634689331055,0.31664538383483887,0.6833546161651611,0.5260491967201233
test_img_22,1,1,1,0.19955570995807648,1.6589581966400146,1.19955575466156,2.6589581966400146,0.3108854293823242,0.6891145706176758,0.5183342695236206
test_img_23,1,1,1,0.11254414916038513,2.140667676925659,1.1125441789627075,3.140667676925659,0.26157739758491516,0.7384225726127625,0.47023284435272217
test_img_24,1,1,1,0.14571630954742432,1.9159905910491943,1.1457163095474243,2.9159905910491943,0.2820775508880615,0.7179224491119385,0.4924038052558899
test_img_25,1,1,1,0.1384512335062027,1.9511486291885376,1.1384512186050415,2.951148509979248,0.2783771753311157,0.7216228246688843,0.4890454411506653
test_img_26,1,1,1,0.24744534492492676,1.5955464839935303,1.2474453449249268,2.5955464839935303,0.3246026635169983,0.6753973364830017,0.5204278826713562
test_img_27,1,1,1,0.1359659880399704,1.9955610036849976,1.1359659433364868,2.995561122894287,0.27495062351226807,0.7250493764877319,0.48408252000808716
test_img_28,0,1,0,0.16141390800476074,1.7965387105941772,1.1614139080047607,2.796538829803467,0.29343804717063904,0.7065619826316833,0.5053117275238037
test_img_29,0,1,0,0.39050769805908203,1.1850426197052002,1.390507698059082,2.1850426197052,0.38889333605766296,0.6111066341400146,0.5593544840812683
test_img_30,0,0,1,4.086065292358398,0.072844497859478,5.086065292358398,1.0728445053100586,0.8258060812950134,0.17419390380382538,0.32473281025886536
test_img_31,0,0,1,3.4123849868774414,0.11978758126497269,4.412384986877441,1.119787573814392,0.7975862622261047,0.20241370797157288,0.3615216016769409
test_img_32,0,1,0,0.346314936876297,1.2187470197677612,1.3463149070739746,2.218747138977051,0.37764137983322144,0.6223586201667786,0.5610000491142273
test_img_33,0,1,0,0.14621369540691376,1.8392043113708496,1.1462136507034302,2.8392043113708496,0.28760188817977905,0.7123981714248657,0.5018294453620911
test_img_34,0,0,1,3.8135223388671875,0.08776333183050156,4.8135223388671875,1.0877633094787598,0.8156735301017761,0.18432649970054626,0.33890920877456665
test_img_35,0,0,1,3.9637339115142822,0.07851283997297287,4.963733673095703,1.0785127878189087,0.8215047121047974,0.17849533259868622,0.33100271224975586
test_img_36,0,1,0,0.6560240983963013,0.8624463081359863,1.6560240983963013,1.8624463081359863,0.47066593170166016,0.5293341279029846,0.5684288740158081
test_img_37,0,1,0,0.2901404798030853,1.3811753988265991,1.2901405096054077,2.3811755180358887,0.3514108955860138,0.6485890746116638,0.5447637438774109
test_img_38,0,0,1,3.0624537467956543,0.14837577939033508,4.062453746795654,1.1483757495880127,0.779617428779602,0.22038251161575317,0.38381603360176086
test_img_39,0,0,1,3.4324142932891846,0.11532227694988251,4.4324140548706055,1.115322232246399,0.7989590764045715,0.20104096829891205,0.36050739884376526
test_img_40,0,1,0,0.23007242381572723,1.677759051322937,1.2300723791122437,2.6777591705322266,0.3147710859775543,0.6852288842201233,0.511792778968811
test_img_41,0,1,0,0.16106855869293213,1.8333697319030762,1.1610685586929321,2.833369731903076,0.29067131876945496,0.7093287110328674,0.5006961822509766
test_img_42,0,0,1,3.2482566833496094,0.12766796350479126,4.248256683349609,1.1276679039001465,0.7902374267578125,0.2097626030445099,0.37202903628349304
test_img_43,0,0,1,3.759896993637085,0.0971519947052002,4.759897232055664,1.0971519947052002,0.8126783967018127,0.18732163310050964,0.3414689004421234
test_img_44,1,1,1,0.17721928656101227,1.879681944847107,1.177219271659851,2.8796820640563965,0.29017695784568787,0.7098230123519897,0.4929870665073395
test_img_45,1,1,1,0.15131445229053497,1.8294432163238525,1.1513144969940186,2.8294432163238525,0.2892199456691742,0.7107800841331482,0.5024169087409973
test_img_46,1,1,1,0.1388310045003891,1.9951732158660889,1.1388310194015503,2.995173215866089,0.27547892928123474,0.7245211005210876,0.4837924540042877
test_img_47,1,1,1,0.1441093534231186,1.9121700525283813,1.1441093683242798,2.912169933319092,0.28205883502960205,0.7179412245750427,0.49306270480155945
test_img_48,1,1,1,0.15995898842811584,1.7993316650390625,1.1599589586257935,2.7993316650390625,0.2929714322090149,0.7070286273956299,0.505141019821167
test_img_49,1,1,1,0.2038622498512268,1.5980634689331055,1.203862190246582,2.5980634689331055,0.31664538383483887,0.6833546161651611,0.5260491967201233
test_img_50,1,1,1,0.19955572485923767,1.6589577198028564,1.19955575466156,2.6589577198028564,0.310885488986969,0.6891145706176758,0.5183343291282654
test_img_51,1,1,1,0.11254409700632095,2.1406679153442383,1.112544059753418,3.1406679153442383,0.26157739758491516,0.7384226322174072,0.47023284435272217
test_img_52,1,1,1,0.14571623504161835,1.9159910678863525,1.1457161903381348,2.9159910678863525,0.28207746148109436,0.7179224491119385,0.4924037456512451
test_img_53,1,1,1,0.1384512186050415,1.9511492252349854,1.1384512186050415,2.9511492252349854,0.27837711572647095,0.7216228246688843,0.48904532194137573
test_img_54,1,1,1,0.24744540452957153,1.5955463647842407,1.2474453449249268,2.595546245574951,0.3246026635169983,0.6753973364830017,0.5204278826713562
test_img_55,1,1,1,0.1359660029411316,1.9955610036849976,1.1359660625457764,2.995561122894287,0.27495065331459045,0.7250493764877319,0.48408252000808716
