experiment,train_cohorts,test_cohort,subject_id,study,true_label,e_HC,e_PD,alpha_HC,alpha_PD,P_HC,P_PD,uncertainty,predicted_label,is_correct
1,Ga+Ju,Si,SiCo01,Si,0,1.0402716820438702,2.621831382314364,2.0402716721097627,3.621831382314364,0.36093833732108277,0.639061663299799,0.35349653847515583,1,0
1,Ga+Ju,Si,SiCo03,Si,0,1.2937093166013558,1.8344209641218185,2.293709302941958,2.8344209839900336,0.44770073393980664,0.5522992654393116,0.39014989137649536,1,0
1,Ga+Ju,Si,SiCo04,Si,0,1.4612328310807545,1.6996720259388287,2.4612328385313353,2.6996720333894095,0.4762982049336036,0.5237017907202244,0.3878204332043727,1,0
1,Ga+Ju,Si,SiCo05,Si,0,1.4430069848895073,2.329478415350119,2.4430069824059806,3.3294784128665924,0.42321548362572986,0.5767845157533884,0.34658960811793804,1,0
1,Ga+Ju,Si,SiCo06,Si,0,1.4851736687123775,2.573129507402579,2.4851736426353455,3.573129509886106,0.4111205320805311,0.588879476611813,0.33067604961494607,1,0
1,Ga+Ju,Si,SiCo07,Si,0,2.64828085526824,1.0996045134961605,3.6482808540264764,2.0996045048038163,0.634071779747804,0.3659282128016154,0.3483469057828188,0,1
1,Ga+Ju,Si,SiCo08,Si,0,1.143008766695857,1.4556648929913838,2.143008753657341,2.4556649029254913,0.4688335380827387,0.5311664591232935,0.43600538683434326,1,0
1,Ga+Ju,Si,SiCo09,Si,0,1.2540550641715527,2.6463358998298645,2.2540550703803697,3.6463358849287033,0.383014147169888,0.6169858537614346,0.3393266840527455,1,0
1,Ga+Ju,Si,SiCo10,Si,0,1.360289704054594,2.34746728092432,2.3602897052963576,3.347467283407847,0.41352260174850625,0.5864773951470852,0.350497920687,1,0
1,Ga+Ju,Si,SiCo11,Si,0,1.6847975241641204,2.855235422650973,2.684797522922357,3.8552354176839194,0.4114653713380297,0.5885346258680025,0.3061622641980648,1,0
1,Ga+Ju,Si,SiCo12,Si,0,1.3187736334900062,2.521741643548012,2.318773622314135,3.521741638580958,0.397271287937959,0.6027287058532238,0.34256760341425735,1,0
1,Ga+Ju,Si,SiCo13,Si,0,2.4251027777791023,1.207164687414964,3.4251027752955756,2.2071646824479103,0.6077967757980028,0.39220322233935195,0.35541571366290253,0,1
1,Ga+Ju,Si,SiCo14,Si,0,0.7102366543064514,2.5786564772327742,1.7102366561690967,3.5786564697821936,0.32417509766916436,0.6758248967429002,0.37855803469816846,1,0
1,Ga+Ju,Si,SiCo15,Si,0,0.9766451915105184,1.7733940134445827,1.9766451939940453,2.7733940184116364,0.4184661991894245,0.5815338039149841,0.4218625823656718,1,0
1,Ga+Ju,Si,SiCo16,Si,0,0.5233483969544371,3.593078002333641,1.5233483960231144,4.593078017234802,0.24952832702547312,0.750471672664086,0.3272331083814303,1,0
1,Ga+Ju,Si,SiCo17,Si,0,0.9901874785621961,2.0634488190213838,1.990187461177508,3.063448811570803,0.39514613648255664,0.6048538672427336,0.39637894618014496,1,0
1,Ga+Ju,Si,SiCo18,Si,0,3.602027505636215,0.786062691360712,4.602027550339699,1.7860626876354218,0.7197488384942213,0.2802511577804883,0.31330294720828533,0,1
1,Ga+Ju,Si,SiCo19,Si,0,1.7330118119716644,1.3216383196413517,2.733011836806933,2.3216382985313735,0.5381266456097364,0.461873359978199,0.3966083334137996,0,1
1,Ga+Ju,Si,SiCo20,Si,0,0.6593192547249297,2.995702624320984,1.6593192517757416,3.9957026143868766,0.29858306733270484,0.701416922112306,0.3566483808681369,1,0
1,Ga+Ju,Si,SiCo21,Si,0,1.249530306706826,2.9358305434385934,2.249530310432116,3.935830533504486,0.3639358561486006,0.6360641395052274,0.3236051642646392,1,0
1,Ga+Ju,Si,SiCo22,Si,0,1.8547135591506958,1.7637870634595554,2.8547135641177497,2.7637870609760284,0.5071011881033579,0.4928988100339969,0.35624270141124725,0,1
1,Ga+Ju,Si,SiCo23,Si,0,0.7198567315936089,2.672467902302742,1.7198567216595013,3.672467907269796,0.31975031333665055,0.6802496785918871,0.3715831444909175,1,0
1,Ga+Ju,Si,SiCo24,Si,0,0.32056225929409266,3.9931203772624335,1.32056225836277,4.99312037229538,0.210816813322405,0.7891831919550896,0.3182340543717146,1,0
1,Ga+Ju,Si,SiCo25,Si,0,1.2139399573206902,1.9630257735649745,2.213939959804217,2.963025783499082,0.42833769631882507,0.5716623067855835,0.38685207938154537,1,0
1,Ga+Ju,Si,SiCo26,Si,0,1.0271819519499938,2.6048100938399634,2.0271819829940796,3.6048100888729095,0.3602497838437557,0.639750212430954,0.35531817624966305,1,0
1,Ga+Ju,Si,SiCo27,Si,0,0.5978816710412502,3.9323315173387527,1.5978816697994869,4.9323315024375916,0.24487320644160113,0.7551267879704634,0.30639115286370117,1,0
1,Ga+Ju,Si,SiCo28,Si,0,0.23601847467944026,3.541012093424797,1.2360184639692307,4.541012068589528,0.2144228226194779,0.7855771705508232,0.34665053834517795,1,0
1,Ga+Ju,Si,SiCo29,Si,0,1.306701452160875,2.144326244791349,2.306701456507047,3.1443262497584024,0.4233896139388283,0.5766103851298491,0.3670873586088419,1,0
1,Ga+Ju,Si,SiCo30,Si,0,1.5922936722636223,1.7093447869022687,2.592293677230676,2.7093447844187417,0.48662562544147175,0.5133743745585283,0.37823310929040116,1,0
1,Ga+Ju,Si,SiPt02,Si,1,0.18157390605968735,6.133813361326854,1.1815739025672276,7.133813371260961,0.14403636613860726,0.8559636324644089,0.24223040230572224,1,1
1,Ga+Ju,Si,SiPt04,Si,1,2.139093096057574,1.0562004409730434,3.139093096057574,2.05620043973128,0.6029453948140144,0.3970546095321576,0.3854591455310583,0,0
1,Ga+Ju,Si,SiPt05,Si,1,1.9333314746424246,2.315960817039013,2.933331477145354,3.315960817039013,0.5087726001317302,0.4912274007995923,0.33348880770305794,0,0
1,Ga+Ju,Si,SiPt07,Si,1,0.25892511289566755,4.7687136481205625,1.2589251125852268,5.768713643153508,0.17984642802427211,0.8201535704235235,0.2851946322868268,1,1
1,Ga+Ju,Si,SiPt08,Si,1,0.6825473667122424,2.7159686436255774,1.6825473681092262,3.7159686535596848,0.3205539869765441,0.6794460117816925,0.37532739837964374,1,1
1,Ga+Ju,Si,SiPt09,Si,1,1.5994733696182568,1.4923533375064533,2.5994733621676764,2.4923533300558725,0.5111910427610079,0.48880895661811036,0.3929727269957463,0,0
1,Ga+Ju,Si,SiPt10,Si,1,1.204653775319457,2.4112997775276503,2.2046537970503173,3.411299760142962,0.39577291750659543,0.6042270834247271,0.3571893585224946,1,1
1,Ga+Ju,Si,SiPt12,Si,1,0.13189671033372483,4.826534370581309,1.1318967044353485,5.826534370581309,0.1636866523573796,0.8363133445382118,0.28863939736038446,1,1
1,Ga+Ju,Si,SiPt13,Si,1,0.8484109379351139,3.032999729116758,1.8484109466274579,4.032999724149704,0.3159764672939976,0.684023529291153,0.34077118585507077,1,1
1,Ga+Ju,Si,SiPt14,Si,1,1.0956832285349567,2.326541585226854,2.095683239400387,3.3265416075785956,0.38913943773756426,0.61086056381464,0.3695784695446491,1,1
1,Ga+Ju,Si,SiPt15,Si,1,0.1850816705264151,3.987402558326721,1.1850816657145817,4.98740258316199,0.1947071560037633,0.8052928472558657,0.3268671777720253,1,1
1,Ga+Ju,Si,SiPt16,Si,1,1.9561485995848973,1.0927611986796062,2.9561485995848975,2.092761213580767,0.5853613217671713,0.41463867637018365,0.39645741942028206,0,0
1,Ga+Ju,Si,SiPt17,Si,1,2.1840439066290855,1.18504186719656,3.184043914079666,2.1850418597459793,0.5928722241272529,0.4071277789771557,0.37309044040739536,0,0
1,Ga+Ju,Si,SiPt18,Si,1,1.2770921209206183,1.5694725414117177,2.277092116574446,2.569472536444664,0.4737742791573207,0.526225725809733,0.41426811181008816,1,1
1,Ga+Ju,Si,SiPt19,Si,1,0.7042828537523746,2.368824064731598,1.7042828475435574,3.368824059764544,0.3445247889806827,0.6554752054313818,0.39850188108781975,1,1
1,Ga+Ju,Si,SiPt20,Si,1,0.5760274330774943,3.3301661759614944,1.576027438044548,4.330166166027387,0.2673607695226868,0.7326392307877541,0.3390799618015687,1,1
1,Ga+Ju,Si,SiPt21,Si,1,0.9919106488426527,2.411040517191092,1.99191065877676,3.4110405097405114,0.3697828088576595,0.6302171908318996,0.37067023664712906,1,1
1,Ga+Ju,Si,SiPt22,Si,1,0.23454307190453014,4.818774660428365,1.2345430701971054,5.818774660428365,0.17603751737624407,0.8239624798297882,0.28439941505591076,1,1
1,Ga+Ju,Si,SiPt23,Si,1,0.4919191763425867,3.946037774284681,1.4919191723068554,4.946037749449412,0.23309735457102457,0.7669026392201582,0.3113576186199983,1,1
1,Ga+Ju,Si,SiPt24,Si,1,0.9817944231132666,2.940179318189621,1.9817944169044495,3.940179298321406,0.3365646501382192,0.6634353461364905,0.3384031616151333,1,1
1,Ga+Ju,Si,SiPt25,Si,1,1.0553961480036378,2.3153554499149323,2.0553961594899497,3.315355454881986,0.38673374491433304,0.6132662532230219,0.37403348833322525,1,1
1,Ga+Ju,Si,SiPt27,Si,1,0.2181890409750243,4.265440464019775,1.218189038336277,5.265440468986829,0.18964020100732645,0.8103598058223724,0.3099029269069433,1,1
1,Ga+Ju,Si,SiPt28,Si,1,0.936242399426798,2.5493699510892234,1.936242404083411,3.5493699510892234,0.3558713672682643,0.644128625591596,0.36539726580182713,1,1
1,Ga+Ju,Si,SiPt29,Si,1,0.20704560354351997,3.7840575675169625,1.2070456023017566,4.784057562549909,0.20239668991416693,0.797603307912747,0.3350317707906167,1,1
1,Ga+Ju,Si,SiPt30,Si,1,0.8075488818188509,2.3912173037727675,1.807548885544141,3.3912173012892404,0.3485692199319601,0.6514307806889216,0.3852425968895356,1,1
1,Ga+Ju,Si,SiPt31,Si,1,0.4952877319107453,3.13957209388415,1.4952877461910248,4.139572103818257,0.2678623888641596,0.7321376080314318,0.3563912585377693,1,1
1,Ga+Ju,Si,SiPt32,Si,1,1.225797988474369,1.5056486303607624,2.2257980033755302,2.5056486278772354,0.4714462800572316,0.5285537168383598,0.42326971516013145,1,1
1,Ga+Ju,Si,SiPt33,Si,1,1.5007799938321114,1.4208384801944096,2.500780006249746,2.4208384652932486,0.5081188368300597,0.49188115944465,0.4070735548933347,0,0
1,Ga+Ju,Si,SiPt34,Si,1,1.88454245403409,0.9525723097225031,2.8845424552758536,1.952572301030159,0.5940731248507897,0.4059268708030383,0.41400111094117165,0,0
1,Ga+Ju,Si,SiPt35,Si,1,2.671461676557859,1.3292596054573853,3.67146169145902,2.329259599248568,0.6097438738991817,0.3902561316887538,0.33391568064689636,0,0
1,Ga+Ju,Si,SiPt36,Si,1,0.8453506057461103,3.1726704140504203,1.8453506032625835,4.17267041405042,0.3086623481164376,0.6913376562297344,0.333188163737456,1,1
1,Ga+Ju,Si,SiPt37,Si,1,1.3437946947912376,2.194126675526301,2.3437946985165277,3.194126680493355,0.429874316478769,0.5701256872465214,0.3631204068660736,1,1
1,Ga+Ju,Si,SiPt38,Si,1,1.5234690854946773,1.9123123685518901,2.523469068109989,2.9123123635848365,0.4654059795041879,0.5345940204958121,0.3683182081828515,1,1
1,Ga+Ju,Si,SiPt39,Si,1,0.5078918607905507,2.900683492422104,1.5078918511668842,3.900683492422104,0.280785147100687,0.7192148491740227,0.37098686024546623,1,1
1,Ga+Ju,Si,SiPt40,Si,1,1.0511364197979371,2.1884704579909644,2.05113643159469,3.188470462958018,0.39171511059006053,0.6082848956187566,0.38197442206243676,1,1
2,Ga+Si,Ju,JuCo01,Ju,0,0.2253261495913778,2.872378633135841,1.2253261520749046,3.872378644489107,0.25884780500616345,0.7411522013800484,0.4140017039719082,1,0
2,Ga+Si,Ju,JuCo02,Ju,0,3.5864213444292545,0.18975957616930827,4.586421370506287,1.1897595673799515,0.7747486028820276,0.22525140270590782,0.35936846397817135,0,1
2,Ga+Si,Ju,JuCo03,Ju,0,0.2772014420479536,2.725555196404457,1.2772014513611794,3.725555196404457,0.2575726369395852,0.7424273565411568,0.40139789693057537,1,0
2,Ga+Si,Ju,JuCo04,Ju,0,4.103017181158066,0.07853352159468664,5.103017174535328,1.078533520301183,0.8132155214746793,0.18678447107474008,0.3363066696458393,0,1
2,Ga+Si,Ju,JuCo05,Ju,0,3.199673543657575,0.11381668075919152,4.199673530033657,1.113816680227007,0.7871031301362174,0.2128968664578029,0.3801489038126809,0,1
2,Ga+Si,Ju,JuCo06,Ju,0,0.30646706273293367,2.4780782746232073,1.306467045908389,3.47807827980622,0.2942748824539392,0.7057251107433568,0.43726789368235547,1,0
2,Ga+Si,Ju,JuCo07,Ju,0,1.897690000012517,0.35347722395090386,2.8976899906992912,1.3534772098064423,0.6744605405256152,0.3255394510924816,0.47510655876249075,0,1
2,Ga+Si,Ju,JuCo08,Ju,0,2.161583012252143,0.2983502662091544,3.161583033475009,1.2983502619194263,0.699089630986705,0.30091037488344946,0.45787795745965204,0,1
2,Ga+Si,Ju,JuCo09,Ju,0,0.6443280399807038,1.812620493673509,1.6443280366159254,2.8126204898280482,0.3792405349593009,0.6207594736929862,0.45386838336144725,1,0
2,Ga+Si,Ju,JuCo11,Ju,0,0.029598690582335822,4.487253394391802,1.029598679807451,5.4872534142600164,0.16123798489570618,0.8387620151042938,0.31236538456545937,1,0
2,Ga+Si,Ju,JuCo12,Ju,0,0.5553399945952391,1.3675940538707532,1.5553399889092696,2.367594053870753,0.4037169135714832,0.5962830805464795,0.5138975028928957,1,0
2,Ga+Si,Ju,JuCo13,Ju,0,6.5878417823049755,0.013034711346133716,7.587841775682238,1.0130347046587203,0.8779953502946429,0.12200464556614558,0.23958980085121262,0,1
2,Ga+Si,Ju,JuCo14,Ju,0,0.004255438645721428,8.660530105713875,1.00425543708186,9.66053012109572,0.09639644574734473,0.9036035576174336,0.19183476413449935,1,0
2,Ga+Si,Ju,JuCo15,Ju,0,0.026359079224574897,4.333772692415449,1.0263590680228338,5.333772699038188,0.16315108868810865,0.8368489129675759,0.31748457501331967,1,0
2,Ga+Si,Ju,JuCo16,Ju,0,3.2235880166913073,0.5386362010845914,4.2235880096753435,1.5386361916859945,0.7179975887139638,0.28200241376956303,0.36291951139767964,0,1
2,Ga+Si,Ju,JuCo17,Ju,0,6.56261716570173,0.006979471575635087,7.562617148671832,1.006979478257043,0.8794212618044445,0.12057874591222831,0.2391382402607373,0,1
2,Ga+Si,Ju,JuCo18,Ju,0,3.7261961897214255,0.13291489163465384,4.726196196344164,1.132914897468355,0.7886324342754152,0.21136757524477112,0.3579326719045639,0,1
2,Ga+Si,Ju,JuCo19,Ju,0,2.1488808430731297,0.5428524956326274,3.148880860384773,1.54285250341191,0.6635880036389127,0.3364119967993568,0.4324238475631265,0,1
2,Ga+Si,Ju,JuCo20,Ju,0,0.17719020182266831,2.741843104362488,1.177190207299732,3.741843098685855,0.25360571557567235,0.7463942780381158,0.4217337511834644,1,0
2,Ga+Si,Ju,JuCo21,Ju,0,0.12927067716066776,3.8931410344023454,1.129270685346503,4.893141031265259,0.19878757999915825,0.8012124190205022,0.3453502600130282,1,0
2,Ga+Si,Ju,JuCo22,Ju,0,0.5177394646759096,2.2565647944023737,1.5177394496767145,3.256564780285484,0.346184730921921,0.6538152600589552,0.4367998183557862,1,0
2,Ga+Si,Ju,JuCo23,Ju,0,0.28819401150991697,5.072066750855018,1.2881940175325444,6.072066768621787,0.20341504097749025,0.7965849473690375,0.30264498331607914,1,0
2,Ga+Si,Ju,JuCo24,Ju,0,0.7753881169483066,0.7160751800984144,1.7753881253302097,1.7160751968622208,0.5060120932757854,0.49398789554834366,0.5742418626323342,0,1
2,Ga+Si,Ju,JuCo25,Ju,0,1.4026186759724761,0.8744392616279197,2.4026186827457314,1.8744392575639668,0.5606417786894422,0.43935822492296045,0.47012338132569287,0,1
2,Ga+Si,Ju,JuCo26,Ju,0,1.2953694239258766,0.34133627405390143,2.295369416475296,1.3413362801074982,0.6273616869002581,0.3726383144967258,0.5523097990080714,0,1
2,Ga+Si,Ju,JuPt01,Ju,1,1.7687404741351818,0.6728956189904044,2.7687404756632663,1.6728956164448283,0.6155539547258937,0.38444604625386236,0.4620907277778357,0,0
2,Ga+Si,Ju,JuPt02,Ju,1,1.5959598767486485,0.4028195376423272,2.595959880135276,1.4028195467862217,0.6440263526006178,0.35597365214066073,0.5075256878679449,0,0
2,Ga+Si,Ju,JuPt03,Ju,1,0.20842405970861405,3.4844289354420686,1.2084240611277584,4.4844289519420055,0.23100410007373404,0.7689959000383048,0.36762658866400905,1,1
2,Ga+Si,Ju,JuPt04,Ju,1,0.0011562294285977258,9.860104579925537,1.0011562299728394,10.86010456085205,0.08519825518131256,0.9148017430305481,0.17018248975276948,1,1
2,Ga+Si,Ju,JuPt05,Ju,1,0.921871551695992,0.7642665785901687,1.9218715359182919,1.764266568071702,0.525011337855283,0.4749886551324059,0.5448572653181413,0,0
2,Ga+Si,Ju,JuPt06,Ju,1,0.0006013535807873185,9.60565471723424,1.0006013536598908,10.605654714395923,0.08751291403674091,0.9124870849320242,0.17490883951129646,1,1
2,Ga+Si,Ju,JuPt07,Ju,1,0.11760010559939676,3.9798823727501764,1.1176001164648268,4.979882346259223,0.19032069543997446,0.8096793095270792,0.33590973251395756,1,1
2,Ga+Si,Ju,JuPt08,Ju,1,0.009495042647947283,6.844448538387523,1.0094950479619644,7.844448566436768,0.11576779186725616,0.8842322125154383,0.22909724624717936,1,1
2,Ga+Si,Ju,JuPt09,Ju,1,0.0062783382788653055,7.776996503021744,1.006278335573331,8.77699651200401,0.10548825359849978,0.8945117475790265,0.20937404413755667,1,1
2,Ga+Si,Ju,JuPt10,Ju,1,0.10217821481116025,5.149955849080909,1.1021782095731214,6.149955845610734,0.16887089349988077,0.8311291042018096,0.2914357318689949,1,1
2,Ga+Si,Ju,JuPt11,Ju,1,0.03696370504184664,6.622859074591203,1.036963704304786,7.622859061906766,0.13295358463964319,0.8670464138475275,0.25045889389687775,1,1
2,Ga+Si,Ju,JuPt12,Ju,1,0.012621544731351046,6.804831498708481,1.0126215372330103,7.804831443688808,0.11839631295356995,0.8816036887657948,0.2330783766049605,1,1
2,Ga+Si,Ju,JuPt13,Ju,1,0.013177439160286807,5.886582436928382,1.013177435214703,6.88658244059636,0.1310236209860215,0.868976380274846,0.25823135100878203,1,1
2,Ga+Si,Ju,JuPt14,Ju,1,0.012242144625138571,5.979828327260119,1.0122421523357958,6.979828327260119,0.12857780399474691,0.8714221956882071,0.2537379467740972,1,1
2,Ga+Si,Ju,JuPt15,Ju,1,2.2143276069084266,0.6180318650278381,3.21432760704518,1.618031866937441,0.6595289172659875,0.34047108456288117,0.4165802353161829,0,0
2,Ga+Si,Ju,JuPt16,Ju,1,0.0010303045074627,9.059524067661219,1.0010302945187217,10.059524084392347,0.09127704289398696,0.9087229642951697,0.18234501099377348,1,1
2,Ga+Si,Ju,JuPt17,Ju,1,0.3631511783521426,2.171970932107223,1.3631511801167537,3.1719709195588766,0.30671843102103785,0.6932815744688636,0.44444159065422256,1,1
2,Ga+Si,Ju,JuPt18,Ju,1,0.0038275894027070276,6.598694805871872,1.003827588898795,7.598694828578404,0.11835808477231434,0.8816419164339702,0.23570417151564643,1,1
2,Ga+Si,Ju,JuPt19,Ju,1,0.17031110930759963,3.7763616039946273,1.1703111062178742,4.776361639435227,0.2095220759510994,0.7904779218338631,0.3503845354189744,1,1
2,Ga+Si,Ju,JuPt20,Ju,1,0.8798503390552102,1.7369228820141063,1.879850336844068,2.7369228755951083,0.421380891531865,0.578619111385768,0.4415145598636104,1,1
2,Ga+Si,Ju,JuPt21,Ju,1,0.17280145774173408,2.5565581074899177,1.1728014544982037,3.5565581041812444,0.25774422910611033,0.742255770781404,0.433141027199737,1,1
2,Ga+Si,Ju,JuPt22,Ju,1,0.009639066452270044,6.74073948579676,1.009639066808364,7.740739527870627,0.11640507267678485,0.8835949336781221,0.2304539671715568,1,1
2,Ga+Si,Ju,JuPt23,Ju,1,1.154592432187425,1.7905726727343223,2.1545924400254646,2.7905726657119048,0.45940096609778086,0.5405990317484795,0.4234439589625743,1,1
2,Ga+Si,Ju,JuPt24,Ju,1,0.4108577873981134,1.5498600395001245,1.4108577805260816,2.549860054570617,0.36889046966803796,0.6311095282435417,0.5153207762844183,1,1
2,Ga+Si,Ju,JuPt25,Ju,1,0.03920146254583811,4.630693995035612,1.0392014644084833,5.630694010318854,0.16431783464474556,0.8356821598150791,0.31180522304314834,1,1
2,Ga+Si,Ju,JuPt26,Ju,1,0.006250004950666005,6.574841667282903,1.006250004693506,7.574841683773932,0.11992071259084232,0.8800792881513234,0.23811858300662106,1,1
2,Ga+Si,Ju,JuPt27,Ju,1,0.049361606787715576,4.572943902015686,1.0493616163730621,5.572943925857544,0.16339506674557924,0.8366049364209175,0.3100445106625557,1,1
2,Ga+Si,Ju,JuPt28,Ju,1,0.00017831722717517358,11.152976613641341,1.0001783219489515,12.152976615533552,0.07694753711885856,0.9230524650499924,0.15386035982071303,1,1
2,Ga+Si,Ju,JuPt29,Ju,1,2.7292280732918015,0.14640131049393254,3.7292280709868213,1.1464013138102873,0.7539823959900058,0.2460176025148096,0.42146029080803943,0,0
3,Ju+Si,Ga,GaCo01,Ga,0,4.059550644285385,5.981146384153362,5.059550620615482,6.981146367887656,0.4090724686005463,0.5909275306233516,0.1825628774240613,1,0
3,Ju+Si,Ga,GaCo02,Ga,0,42.6688489317894,9.747227133654929e-07,43.6688489317894,1.0000009735425315,0.9767697565257549,0.023230245530915756,0.046460417603763446,0,1
3,Ju+Si,Ga,GaCo03,Ga,0,21.509409869710602,0.7561908457275032,22.50940983990828,1.7561908587813377,0.9093472420548399,0.09065275288109356,0.08921077401222041,0,1
3,Ju+Si,Ga,GaCo04,Ga,0,0.0361425556045584,23.797317614157997,1.036142555375894,24.79731758435567,0.0443138422172827,0.9556861581901709,0.08368702640291303,1,0
3,Ju+Si,Ga,GaCo05,Ga,0,3.358226898233376e-06,47.7997550368309,1.0000033589700856,48.79975497722626,0.020645703431606915,0.9793542989840109,0.041291209461633116,1,0
3,Ju+Si,Ga,GaCo06,Ga,0,5.7827855733031954e-05,36.603515609450966,1.0000578204466812,37.60351558958275,0.027610292927314782,0.9723897079086822,0.055213838834248054,1,0
3,Ju+Si,Ga,GaCo07,Ga,0,1.4070545540318985e-08,50.99468318621318,1.0000000124176345,51.99468318621318,0.01931346567774502,0.9806865360587835,0.03862693081221854,1,0
3,Ju+Si,Ga,GaCo08,Ga,0,1.5124786611500037e-09,56.536464850107826,1.0,57.536464850107826,0.017390602510810517,0.9826093980421622,0.034781205021621034,1,0
3,Ju+Si,Ga,GaCo09,Ga,0,1.4698070045361357e-07,46.465469320615135,1.0000001452863216,47.465469320615135,0.020979775212860353,0.9790202255050342,0.041959541849792004,1,0
3,Ju+Si,Ga,GaCo10,Ga,0,0.0070173146033697805,26.40863404671351,1.007017315675815,27.40863405664762,0.03842588428718348,0.9615741173426311,0.07577172414554903,1,0
3,Ju+Si,Ga,GaCo11,Ga,0,34.28874627749125,0.01785203640981625,35.28874623775482,1.0178520331780117,0.9682731727759043,0.0317268322299545,0.060099574737250805,0,1
3,Ju+Si,Ga,GaCo12,Ga,0,20.954117844502132,0.041513985098097464,21.95411781469981,1.041513981918494,0.9485574128727118,0.051442580840860806,0.09551746607758105,0,1
3,Ju+Si,Ga,GaCo13,Ga,0,29.6975247606071,0.6747512221624374,30.697524812126506,1.6747512265607931,0.8865468288279152,0.11345317592936599,0.10242769682941877,0,1
3,Ju+Si,Ga,GaCo14,Ga,0,18.182685365072555,0.6023404488542733,19.1826853023635,1.6023404548565547,0.9076377021976644,0.09236229984607132,0.10287850766649677,0,1
3,Ju+Si,Ga,GaCo15,Ga,0,1.1248723177284025e-11,68.52953783671062,1.0,69.52953783671062,0.014321948278747084,0.9856780506670475,0.028643896557494167,1,0
3,Ju+Si,Ga,GaCo16,Ga,0,7.964060659135382,5.106729646429166,8.964060664673646,6.106729666723145,0.6030125116515491,0.3969874870601213,0.13923729601212673,0,1
3,Ju+Si,Ga,GaCo17,Ga,0,33.23421159055498,0.004151434621337471,34.23421155744129,1.004151435361968,0.9676566844185194,0.03234331741825574,0.06394638392763834,0,1
3,Ju+Si,Ga,GaCo22,Ga,0,1.5152125524472453,20.710405355338786,2.515212543308735,21.71040536587437,0.12350438438200703,0.8764956142210092,0.08715159771963954,1,0
3,Ju+Si,Ga,GaPt03,Ga,1,2.171796626214822e-06,35.27161057790121,1.0000021681189537,36.27161053816477,0.027503825491294265,0.9724961780011654,0.05500748365496596,1,1
3,Ju+Si,Ga,GaPt04,Ga,1,1.8039093946202456e-06,37.55953097343445,1.0000018030405045,38.559531013170876,0.026018364471383393,0.9739816375076771,0.05203658645041287,1,1
3,Ju+Si,Ga,GaPt05,Ga,1,10.429023980279453,2.199236538571616,11.429024082918962,3.1992365395029387,0.7694351233852407,0.23056487537299594,0.1386386384256184,0,0
3,Ju+Si,Ga,GaPt06,Ga,1,5.3804019888902985,5.282692706306989,6.3804019664724665,6.282692718009154,0.5107293779340883,0.489270619659995,0.165628795667241,0,0
3,Ju+Si,Ga,GaPt07,Ga,1,0.04035134604844839,37.820878237485886,1.0403513424098492,38.820878237485886,0.028655301643690713,0.9713446994622548,0.05232668151923765,1,1
3,Ju+Si,Ga,GaPt08,Ga,1,7.696321089029277e-09,46.963486433029175,1.0000000037252903,47.963486433029175,0.02076770990000417,0.979232292001446,0.0415354195671777,1,1
3,Ju+Si,Ga,GaPt09,Ga,1,1.806049983596675e-05,53.99311262369156,1.00001805772384,54.99311266342799,0.019175226353884987,0.9808247741311789,0.03834854015925278,1,1
3,Ju+Si,Ga,GaPt12,Ga,1,3.85635785072492e-11,60.91060010592143,1.0,61.91060018539429,0.016007821842019137,0.9839921792348225,0.032015643684038274,1,1
3,Ju+Si,Ga,GaPt13,Ga,1,7.270128425742308e-11,62.014824893739494,1.0,63.0148249467214,0.015737571921716962,0.9842624254524708,0.031475143843433924,1,1
3,Ju+Si,Ga,GaPt14,Ga,1,0.0002733416476345745,45.62548436058892,1.000273341106044,46.625484320852486,0.023097670255487576,0.9769023313290544,0.04616560896910313,1,1
3,Ju+Si,Ga,GaPt15,Ga,1,1.3990221543520035e-05,37.43982805146111,1.0000139855676227,38.439828064706596,0.026376345854563017,0.9736236557364464,0.052751425136294626,1,1
3,Ju+Si,Ga,GaPt16,Ga,1,0.0012310515939142443,28.857116248872543,1.0012310519814491,29.857116262118023,0.03416113427374512,0.9658388669292132,0.06817257709594236,1,1
3,Ju+Si,Ga,GaPt17,Ga,1,3.599771756348765e-05,39.05462544494205,1.0000359945827062,40.05462545818753,0.026206732947482828,0.9737932682037354,0.05240930753967,1,1
3,Ju+Si,Ga,GaPt18,Ga,1,0.5114759107132758,26.716264723075756,1.5114759107430775,27.716264737976918,0.0781983631507804,0.921801638065113,0.07903688889928162,1,1
3,Ju+Si,Ga,GaPt19,Ga,1,30.795277449819775,0.03293257714222549,31.79527747631073,1.032932578689522,0.9630426747931374,0.036957330031630896,0.06880946136597131,0,0
3,Ju+Si,Ga,GaPt20,Ga,1,3.052854866099989e-06,34.3947610590193,1.0000030522545178,35.394761085510254,0.028300278690747093,0.9716997212833829,0.05660031068449219,1,1
3,Ju+Si,Ga,GaPt21,Ga,1,2.4382664992122423,16.327864267759853,3.438266496691439,17.32786429590649,0.18118626482060388,0.8188137337565422,0.09877723763282929,1,1
3,Ju+Si,Ga,GaPt22,Ga,1,1.4107396539680825,8.140493315411732,2.4107396552960076,9.140493335823217,0.24624603678886262,0.7537539648409518,0.18672964049296248,1,1
3,Ju+Si,Ga,GaPt23,Ga,1,0.09048479399352231,28.087786300314793,1.0904847880204518,29.087786313560272,0.0446982655234428,0.9553017388615342,0.07399375077026586,1,1
3,Ju+Si,Ga,GaPt24,Ga,1,0.03420904471077714,25.515595306952793,1.034209048582448,26.51559532019827,0.041991074039186865,0.958008928431405,0.07841022162594728,1,1
3,Ju+Si,Ga,GaPt25,Ga,1,28.230197105142803,0.030889403732862877,29.230197191238403,1.0308894018332164,0.962914739218023,0.037085264248566494,0.06960125790081091,0,0
3,Ju+Si,Ga,GaPt26,Ga,1,0.17472837137257372,15.018647068076666,1.1747283695472612,16.018647070560192,0.09340547944884747,0.9065945205382174,0.1420732190211614,1,1
3,Ju+Si,Ga,GaPt27,Ga,1,42.062449322806465,0.0036155849964814965,43.062449309560996,1.0036155829826992,0.9763558809128073,0.023644121648329824,0.04694566298793587,0,0
3,Ju+Si,Ga,GaPt28,Ga,1,24.365314386744387,1.624546491437534,25.36531438099013,2.6245464939210152,0.8858917255032187,0.11410827967079563,0.07703218192586468,0,0
3,Ju+Si,Ga,GaPt29,Ga,1,5.964662220386738,5.609011375496266,6.964662216603756,6.60901137193044,0.541215370564411,0.4587846300306005,0.16196647175173792,0,0
3,Ju+Si,Ga,GaPt30,Ga,1,0.002964867377728005,32.49544936418533,1.002964864174525,33.495449317826164,0.029836822883225977,0.97016318473551,0.0593718620431092,1,1
3,Ju+Si,Ga,GaPt31,Ga,1,1.0419375344430627e-05,31.557981822225784,1.0000104167395167,32.557981769243874,0.03044478816445917,0.969555222739776,0.060888729006465935,1,1
3,Ju+Si,Ga,GaPt32,Ga,1,4.518045070735773e-07,42.25783865981632,1.0000004486905205,43.25783864657084,0.023157197296515938,0.9768428036736116,0.04631436331611541,1,1
3,Ju+Si,Ga,GaPt33,Ga,1,4.123432224029567e-08,47.00320331255595,1.0000000380807454,48.00320331255595,0.020837879713831678,0.9791621193289757,0.04167575709935692,1,1
