experiment,train_cohorts,test_cohort,alpha,target_coverage,q_hat,empirical_coverage,coverage_gap,avg_set_size,singleton_rate,ambiguity_rate,empty_rate,num_test_subjects,num_val_subjects,learned_temperature
1,Ga+Ju,Si,0.05,0.95,0.9192679752302372,0.96875,0.018750000000000044,1.84375,0.15625,0.84375,0.0,64,15,1.7542187822198632
1,Ga+Ju,Si,0.1,0.9,0.9192679752302372,0.96875,0.06874999999999998,1.84375,0.15625,0.84375,0.0,64,15,1.7542187822198632
1,Ga+Ju,Si,0.15,0.85,0.9192679752302372,0.96875,0.11875000000000002,1.84375,0.15625,0.84375,0.0,64,15,1.7542187822198632
1,Ga+Ju,Si,0.2,0.8,0.8705037431146102,0.9375,0.13749999999999996,1.796875,0.203125,0.796875,0.0,64,15,1.7542187822198632
2,Ga+Si,Ju,0.05,0.95,0.8147560958710676,0.9444444444444444,-0.005555555555555536,1.6481481481481481,0.35185185185185186,0.6481481481481481,0.0,54,17,1.5752042429080755
2,Ga+Si,Ju,0.1,0.9,0.8147560958710676,0.9444444444444444,0.0444444444444444,1.6481481481481481,0.35185185185185186,0.6481481481481481,0.0,54,17,1.5752042429080755
2,Ga+Si,Ju,0.15,0.85,0.8147560958710676,0.9444444444444444,0.09444444444444444,1.6481481481481481,0.35185185185185186,0.6481481481481481,0.0,54,17,1.5752042429080755
2,Ga+Si,Ju,0.2,0.8,0.6819404777433224,0.9074074074074074,0.1074074074074074,1.3888888888888888,0.6111111111111112,0.3888888888888889,0.0,54,17,1.5752042429080755
3,Ju+Si,Ga,0.05,0.95,0.764675178376716,0.7659574468085106,-0.18404255319148932,1.1914893617021276,0.8085106382978723,0.19148936170212766,0.0,47,18,9.733706469812919
3,Ju+Si,Ga,0.1,0.9,0.764675178376716,0.7659574468085106,-0.1340425531914894,1.1914893617021276,0.8085106382978723,0.19148936170212766,0.0,47,18,9.733706469812919
3,Ju+Si,Ga,0.15,0.85,0.764675178376716,0.7659574468085106,-0.08404255319148934,1.1914893617021276,0.8085106382978723,0.19148936170212766,0.0,47,18,9.733706469812919
3,Ju+Si,Ga,0.2,0.8,0.7099185935230937,0.7659574468085106,-0.03404255319148941,1.1914893617021276,0.8085106382978723,0.19148936170212766,0.0,47,18,9.733706469812919
