experiment,test_cohort,subject_id,true_label,P_HC,P_PD,confidence,uncertainty,conformal_set,set_size,is_covered
1,Si,SiCo01,0,0.2502486884678136,0.7497513115321863,0.7497513115321863,0.2502486884678137,"{Healthy, PD}",2,1
1,Si,SiCo03,0,0.4003487172219616,0.5996512827780385,0.5996512827780385,0.4003487172219615,"{Healthy, PD}",2,1
1,Si,SiCo04,0,0.47188075739638285,0.5281192426036172,0.5281192426036172,0.4718807573963828,"{Healthy, PD}",2,1
1,Si,SiCo05,0,0.40640594345580466,0.5935940565441954,0.5935940565441954,0.4064059434558046,"{Healthy, PD}",2,1
1,Si,SiCo06,0,0.3233896025007135,0.6766103974992865,0.6766103974992865,0.32338960250071347,"{Healthy, PD}",2,1
1,Si,SiCo07,0,0.6993982961423758,0.30060170385762414,0.6993982961423758,0.3006017038576242,"{Healthy, PD}",2,1
1,Si,SiCo08,0,0.401668104880562,0.598331895119438,0.598331895119438,0.40166810488056204,"{Healthy, PD}",2,1
1,Si,SiCo09,0,0.2948783392118425,0.7051216607881576,0.7051216607881576,0.29487833921184237,"{Healthy, PD}",2,1
1,Si,SiCo10,0,0.34257426128135654,0.6574257387186435,0.6574257387186435,0.3425742612813565,"{Healthy, PD}",2,1
1,Si,SiCo11,0,0.39214340096727696,0.607856599032723,0.607856599032723,0.39214340096727696,"{Healthy, PD}",2,1
1,Si,SiCo12,0,0.30850556261295076,0.6914944373870493,0.6914944373870493,0.3085055626129507,"{Healthy, PD}",2,1
1,Si,SiCo13,0,0.6569160493520154,0.3430839506479847,0.6569160493520154,0.3430839506479846,"{Healthy, PD}",2,1
1,Si,SiCo14,0,0.21509314464791787,0.7849068553520823,0.7849068553520823,0.21509314464791773,"{Healthy, PD}",2,1
1,Si,SiCo15,0,0.29553785821730905,0.704462141782691,0.704462141782691,0.29553785821730905,"{Healthy, PD}",2,1
1,Si,SiCo16,0,0.1117694200587108,0.8882305799412891,0.8882305799412891,0.11176942005871093,"{Healthy, PD}",2,1
1,Si,SiCo17,0,0.2527937994919977,0.7472062005080022,0.7472062005080022,0.25279379949199776,"{Healthy, PD}",2,1
1,Si,SiCo18,0,0.8427563438044456,0.15724365619555442,0.8427563438044456,0.15724365619555436,"{Healthy, PD}",2,1
1,Si,SiCo19,0,0.5240908206859607,0.4759091793140394,0.5240908206859607,0.4759091793140393,"{Healthy, PD}",2,1
1,Si,SiCo20,0,0.1601088886146404,0.8398911113853595,0.8398911113853595,0.16010888861464045,"{Healthy, PD}",2,1
1,Si,SiCo21,0,0.2599365507004752,0.7400634492995247,0.7400634492995247,0.2599365507004753,"{Healthy, PD}",2,1
1,Si,SiCo22,0,0.4968850957210394,0.5031149042789607,0.5031149042789607,0.49688509572103934,"{Healthy, PD}",2,1
1,Si,SiCo23,0,0.19263795512616,0.80736204487384,0.80736204487384,0.19263795512616,"{Healthy, PD}",2,1
1,Si,SiCo24,0,0.06552137441780818,0.9344786255821917,0.9344786255821917,0.06552137441780825,{PD},1,0
1,Si,SiCo25,0,0.3879579015734425,0.6120420984265573,0.6120420984265573,0.3879579015734427,"{Healthy, PD}",2,1
1,Si,SiCo26,0,0.250638631325716,0.7493613686742838,0.7493613686742838,0.2506386313257162,"{Healthy, PD}",2,1
1,Si,SiCo27,0,0.09045439153179557,0.9095456084682045,0.9095456084682045,0.09045439153179546,"{Healthy, PD}",2,1
1,Si,SiCo28,0,0.06175663062548049,0.9382433693745195,0.9382433693745195,0.061756630625480535,{PD},1,0
1,Si,SiCo29,0,0.3620587677250653,0.6379412322749347,0.6379412322749347,0.3620587677250653,"{Healthy, PD}",2,1
1,Si,SiCo30,0,0.5189137839821499,0.48108621601785,0.5189137839821499,0.48108621601785007,"{Healthy, PD}",2,1
1,Si,SiPt02,1,0.011644880159241646,0.9883551198407583,0.9883551198407583,0.0116448801592417,{PD},1,1
1,Si,SiPt04,1,0.6377743244674757,0.3622256755325243,0.6377743244674757,0.36222567553252427,"{Healthy, PD}",2,1
1,Si,SiPt05,1,0.5154411655013466,0.4845588344986535,0.5154411655013466,0.48455883449865345,"{Healthy, PD}",2,1
1,Si,SiPt07,1,0.03001524743214833,0.9699847525678518,0.9699847525678518,0.03001524743214823,{PD},1,1
1,Si,SiPt08,1,0.17432105173506302,0.8256789482649369,0.8256789482649369,0.17432105173506307,"{Healthy, PD}",2,1
1,Si,SiPt09,1,0.4749616300456388,0.5250383699543612,0.5250383699543612,0.47496163004563885,"{Healthy, PD}",2,1
1,Si,SiPt10,1,0.28484758220030665,0.7151524177996933,0.7151524177996933,0.2848475822003067,"{Healthy, PD}",2,1
1,Si,SiPt12,1,0.021369841606568744,0.9786301583934313,0.9786301583934313,0.02136984160656874,{PD},1,1
1,Si,SiPt13,1,0.16177840698868828,0.8382215930113117,0.8382215930113117,0.16177840698868828,"{Healthy, PD}",2,1
1,Si,SiPt14,1,0.24679017513972681,0.7532098248602732,0.7532098248602732,0.2467901751397268,"{Healthy, PD}",2,1
1,Si,SiPt15,1,0.03671057208744905,0.9632894279125509,0.9632894279125509,0.0367105720874491,{PD},1,1
1,Si,SiPt16,1,0.6103036696315202,0.3896963303684798,0.6103036696315202,0.38969633036847984,"{Healthy, PD}",2,1
1,Si,SiPt17,1,0.6439373938442055,0.35606260615579466,0.6439373938442055,0.35606260615579455,"{Healthy, PD}",2,1
1,Si,SiPt18,1,0.3999878281417276,0.6000121718582725,0.6000121718582725,0.3999878281417275,"{Healthy, PD}",2,1
1,Si,SiPt19,1,0.2164136245296184,0.7835863754703816,0.7835863754703816,0.21641362452961843,"{Healthy, PD}",2,1
1,Si,SiPt20,1,0.1335485571217772,0.8664514428782228,0.8664514428782228,0.13354855712177716,"{Healthy, PD}",2,1
1,Si,SiPt21,1,0.2547597468716094,0.7452402531283905,0.7452402531283905,0.2547597468716095,"{Healthy, PD}",2,1
1,Si,SiPt22,1,0.03382349591596653,0.9661765040840335,0.9661765040840335,0.03382349591596645,{PD},1,1
1,Si,SiPt23,1,0.06501176035281399,0.9349882396471859,0.9349882396471859,0.06501176035281409,{PD},1,1
1,Si,SiPt24,1,0.19896070385133796,0.801039296148662,0.801039296148662,0.19896070385133802,"{Healthy, PD}",2,1
1,Si,SiPt25,1,0.2950448559363972,0.7049551440636027,0.7049551440636027,0.2950448559363973,"{Healthy, PD}",2,1
1,Si,SiPt27,1,0.042547060783123314,0.9574529392168767,0.9574529392168767,0.042547060783123314,{PD},1,1
1,Si,SiPt28,1,0.20581753935010355,0.7941824606498964,0.7941824606498964,0.2058175393501036,"{Healthy, PD}",2,1
1,Si,SiPt29,1,0.05469645178288652,0.9453035482171135,0.9453035482171135,0.05469645178288651,{PD},1,1
1,Si,SiPt30,1,0.23005747797724993,0.76994252202275,0.76994252202275,0.23005747797724996,"{Healthy, PD}",2,1
1,Si,SiPt31,1,0.10886744528313566,0.8911325547168643,0.8911325547168643,0.10886744528313574,"{Healthy, PD}",2,1
1,Si,SiPt32,1,0.4230095338054356,0.5769904661945644,0.5769904661945644,0.4230095338054356,"{Healthy, PD}",2,1
1,Si,SiPt33,1,0.4811887786628371,0.5188112213371628,0.5188112213371628,0.48118877866283716,"{Healthy, PD}",2,1
1,Si,SiPt34,1,0.6352683937030174,0.36473160629698265,0.6352683937030174,0.36473160629698265,"{Healthy, PD}",2,1
1,Si,SiPt35,1,0.7173522965833721,0.28264770341662787,0.7173522965833721,0.2826477034166279,"{Healthy, PD}",2,1
1,Si,SiPt36,1,0.16437168321126086,0.8356283167887391,0.8356283167887391,0.16437168321126094,"{Healthy, PD}",2,1
1,Si,SiPt37,1,0.3420323103875477,0.6579676896124523,0.6579676896124523,0.34203231038754767,"{Healthy, PD}",2,1
1,Si,SiPt38,1,0.35513063289829755,0.6448693671017023,0.6448693671017023,0.3551306328982977,"{Healthy, PD}",2,1
1,Si,SiPt39,1,0.13527168414064525,0.8647283158593547,0.8647283158593547,0.13527168414064528,"{Healthy, PD}",2,1
1,Si,SiPt40,1,0.34316379287787024,0.6568362071221299,0.6568362071221299,0.34316379287787013,"{Healthy, PD}",2,1
2,Ju,JuCo01,0,0.5928521588343766,0.4071478411656234,0.5928521588343766,0.4071478411656234,"{Healthy, PD}",2,1
2,Ju,JuCo02,0,0.6941210630952085,0.30587893690479145,0.6941210630952085,0.3058789369047915,"{Healthy, PD}",2,1
2,Ju,JuCo03,0,0.3661232367157936,0.6338767632842064,0.6338767632842064,0.3661232367157936,"{Healthy, PD}",2,1
2,Ju,JuCo04,0,0.6378721617720585,0.3621278382279414,0.6378721617720585,0.3621278382279415,"{Healthy, PD}",2,1
2,Ju,JuCo05,0,0.5443880245228564,0.45561197547714355,0.5443880245228564,0.4556119754771436,"{Healthy, PD}",2,1
2,Ju,JuCo06,0,0.1550447016099895,0.8449552983900105,0.8449552983900105,0.1550447016099895,{PD},1,0
2,Ju,JuCo07,0,0.8924294070923421,0.10757059290765789,0.8924294070923421,0.10757059290765791,{Healthy},1,1
2,Ju,JuCo08,0,0.7887594637662044,0.21124053623379555,0.7887594637662044,0.21124053623379557,"{Healthy, PD}",2,1
2,Ju,JuCo09,0,0.7290444489635661,0.2709555510364339,0.7290444489635661,0.2709555510364339,"{Healthy, PD}",2,1
2,Ju,JuCo11,0,0.2895831861679808,0.7104168138320193,0.7104168138320193,0.28958318616798073,"{Healthy, PD}",2,1
2,Ju,JuCo12,0,0.15299526554056395,0.847004734459436,0.847004734459436,0.15299526554056397,{PD},1,0
2,Ju,JuCo13,0,0.8041675999924508,0.19583240000754917,0.8041675999924508,0.1958324000075492,"{Healthy, PD}",2,1
2,Ju,JuCo14,0,0.1573442094147453,0.8426557905852547,0.8426557905852547,0.15734420941474525,{PD},1,0
2,Ju,JuCo15,0,0.8593911513939383,0.14060884860606174,0.8593911513939383,0.1406088486060617,{Healthy},1,1
2,Ju,JuCo16,0,0.7682669953662818,0.23173300463371824,0.7682669953662818,0.23173300463371815,"{Healthy, PD}",2,1
2,Ju,JuCo17,0,0.8821928083918468,0.11780719160815321,0.8821928083918468,0.11780719160815323,{Healthy},1,1
2,Ju,JuCo18,0,0.547141449998412,0.452858550001588,0.547141449998412,0.45285855000158803,"{Healthy, PD}",2,1
2,Ju,JuCo19,0,0.6011826531826078,0.39881734681739234,0.6011826531826078,0.3988173468173922,"{Healthy, PD}",2,1
2,Ju,JuCo20,0,0.22277605748493762,0.7772239425150623,0.7772239425150623,0.22277605748493767,"{Healthy, PD}",2,1
2,Ju,JuCo21,0,0.476922506154307,0.5230774938456929,0.5230774938456929,0.4769225061543071,"{Healthy, PD}",2,1
2,Ju,JuCo22,0,0.48633040534257865,0.5136695946574213,0.5136695946574213,0.48633040534257865,"{Healthy, PD}",2,1
2,Ju,JuCo23,0,0.47646987859726386,0.5235301214027361,0.5235301214027361,0.47646987859726386,"{Healthy, PD}",2,1
2,Ju,JuCo24,0,0.8684900259650034,0.13150997403499662,0.8684900259650034,0.13150997403499665,{Healthy},1,1
2,Ju,JuCo25,0,0.6321416087722803,0.3678583912277197,0.6321416087722803,0.3678583912277197,"{Healthy, PD}",2,1
2,Ju,JuCo26,0,0.7186072820462135,0.2813927179537865,0.7186072820462135,0.2813927179537865,"{Healthy, PD}",2,1
2,Ju,JuPt01,1,0.3911158051803338,0.6088841948196662,0.6088841948196662,0.39111580518033384,"{Healthy, PD}",2,1
2,Ju,JuPt02,1,0.29799276721106327,0.7020072327889367,0.7020072327889367,0.29799276721106327,"{Healthy, PD}",2,1
2,Ju,JuPt03,1,0.06257365464494696,0.937426345355053,0.937426345355053,0.06257365464494702,{PD},1,1
2,Ju,JuPt04,1,0.01316462379688368,0.9868353762031162,0.9868353762031162,0.013164623796883768,{PD},1,1
2,Ju,JuPt05,1,0.5228512706276158,0.47714872937238406,0.5228512706276158,0.4771487293723842,"{Healthy, PD}",2,1
2,Ju,JuPt06,1,0.2505654457863555,0.7494345542136444,0.7494345542136444,0.25056544578635565,"{Healthy, PD}",2,1
2,Ju,JuPt07,1,0.6100449789649951,0.38995502103500496,0.6100449789649951,0.3899550210350049,"{Healthy, PD}",2,1
2,Ju,JuPt08,1,0.4645209068252027,0.5354790931747972,0.5354790931747972,0.46452090682520275,"{Healthy, PD}",2,1
2,Ju,JuPt09,1,0.08734179333981998,0.91265820666018,0.91265820666018,0.08734179333981995,{PD},1,1
2,Ju,JuPt10,1,0.5278002739572203,0.4721997260427797,0.5278002739572203,0.4721997260427797,"{Healthy, PD}",2,1
2,Ju,JuPt11,1,0.23994736948705,0.76005263051295,0.76005263051295,0.23994736948704998,"{Healthy, PD}",2,1
2,Ju,JuPt12,1,0.14587446715434543,0.8541255328456546,0.8541255328456546,0.14587446715434538,{PD},1,1
2,Ju,JuPt13,1,0.03419194456464348,0.9658080554353565,0.9658080554353565,0.03419194456464347,{PD},1,1
2,Ju,JuPt14,1,0.07911091300239077,0.9208890869976093,0.9208890869976093,0.0791109130023907,{PD},1,1
2,Ju,JuPt15,1,0.6705541584636234,0.3294458415363765,0.6705541584636234,0.32944584153637657,"{Healthy, PD}",2,1
2,Ju,JuPt16,1,0.3165016259758876,0.6834983740241124,0.6834983740241124,0.3165016259758876,"{Healthy, PD}",2,1
2,Ju,JuPt17,1,0.20458378350460005,0.7954162164954,0.7954162164954,0.20458378350460005,"{Healthy, PD}",2,1
2,Ju,JuPt18,1,0.043282656660000855,0.9567173433399991,0.9567173433399991,0.04328265666000086,{PD},1,1
2,Ju,JuPt19,1,0.28707951321652625,0.7129204867834739,0.7129204867834739,0.28707951321652614,"{Healthy, PD}",2,1
2,Ju,JuPt20,1,0.4433240262327543,0.5566759737672456,0.5566759737672456,0.44332402623275435,"{Healthy, PD}",2,1
2,Ju,JuPt21,1,0.155107445472817,0.844892554527183,0.844892554527183,0.15510744547281696,{PD},1,1
2,Ju,JuPt22,1,0.16616317836502525,0.8338368216349749,0.8338368216349749,0.16616317836502514,{PD},1,1
2,Ju,JuPt23,1,0.5908562671917885,0.4091437328082115,0.5908562671917885,0.4091437328082115,"{Healthy, PD}",2,1
2,Ju,JuPt24,1,0.4391985798774065,0.5608014201225936,0.5608014201225936,0.4391985798774064,"{Healthy, PD}",2,1
2,Ju,JuPt25,1,0.09988391301164673,0.9001160869883532,0.9001160869883532,0.09988391301164679,{PD},1,1
2,Ju,JuPt26,1,0.14853711425928925,0.8514628857407107,0.8514628857407107,0.14853711425928928,{PD},1,1
2,Ju,JuPt27,1,0.3896316659649247,0.6103683340350753,0.6103683340350753,0.3896316659649247,"{Healthy, PD}",2,1
2,Ju,JuPt28,1,0.1029904989525733,0.8970095010474267,0.8970095010474267,0.10299049895257328,{PD},1,1
2,Ju,JuPt29,1,0.32675465607389026,0.6732453439261097,0.6732453439261097,0.3267546560738903,"{Healthy, PD}",2,1
3,Ga,GaCo01,0,0.5062837382964682,0.4937162617035318,0.5062837382964682,0.4937162617035318,"{Healthy, PD}",2,1
3,Ga,GaCo02,0,0.994682191780932,0.005317808219068041,0.994682191780932,0.005317808219068021,{Healthy},1,1
3,Ga,GaCo03,0,0.8408771037008532,0.15912289629914672,0.8408771037008532,0.15912289629914678,{Healthy},1,1
3,Ga,GaCo04,0,0.36487165319593023,0.6351283468040697,0.6351283468040697,0.3648716531959303,"{Healthy, PD}",2,1
3,Ga,GaCo05,0,0.005117914497799912,0.9948820855022001,0.9948820855022001,0.005117914497799858,{PD},1,0
3,Ga,GaCo06,0,0.06349575218318795,0.9365042478168121,0.9365042478168121,0.06349575218318793,{PD},1,0
3,Ga,GaCo07,0,0.005542194079716941,0.9944578059202831,0.9944578059202831,0.0055421940797169,{PD},1,0
3,Ga,GaCo08,0,0.0022871726056260065,0.997712827394374,0.997712827394374,0.0022871726056260533,{PD},1,0
3,Ga,GaCo09,0,0.02777707414066703,0.9722229258593329,0.9722229258593329,0.027777074140667102,{PD},1,0
3,Ga,GaCo10,0,0.04508202967297641,0.9549179703270236,0.9549179703270236,0.045082029672976365,{PD},1,0
3,Ga,GaCo11,0,0.9518130381009762,0.048186961899023904,0.9518130381009762,0.04818696189902383,{Healthy},1,1
3,Ga,GaCo12,0,0.8828114771811911,0.11718852281880891,0.8828114771811911,0.11718852281880887,{Healthy},1,1
3,Ga,GaCo13,0,0.8795890887438357,0.1204109112561644,0.8795890887438357,0.12041091125616432,{Healthy},1,1
3,Ga,GaCo14,0,0.9077465008955112,0.09225349910448866,0.9077465008955112,0.09225349910448877,{Healthy},1,1
3,Ga,GaCo15,0,0.003713480553978778,0.9962865194460212,0.9962865194460212,0.0037134805539787985,{PD},1,0
3,Ga,GaCo16,0,0.6980423362227316,0.3019576637772685,0.6980423362227316,0.3019576637772684,"{Healthy, PD}",2,1
3,Ga,GaCo17,0,0.9765960247210017,0.023403975278998384,0.9765960247210017,0.02340397527899829,{Healthy},1,1
3,Ga,GaCo22,0,0.2997439458540492,0.7002560541459508,0.7002560541459508,0.2997439458540492,"{Healthy, PD}",2,1
3,Ga,GaPt03,1,0.011062054925228762,0.9889379450747713,0.9889379450747713,0.011062054925228715,{PD},1,1
3,Ga,GaPt04,1,0.021590767242107452,0.9784092327578925,0.9784092327578925,0.02159076724210751,{PD},1,1
3,Ga,GaPt05,1,0.5685931550451945,0.43140684495480547,0.5685931550451945,0.4314068449548055,"{Healthy, PD}",2,1
3,Ga,GaPt06,1,0.3406084142591455,0.6593915857408545,0.6593915857408545,0.34060841425914545,"{Healthy, PD}",2,1
3,Ga,GaPt07,1,0.05845006185900555,0.9415499381409944,0.9415499381409944,0.058450061859005586,{PD},1,1
3,Ga,GaPt08,1,0.003572470621783863,0.9964275293782161,0.9964275293782161,0.0035724706217838964,{PD},1,1
3,Ga,GaPt09,1,0.01428968172465638,0.9857103182753436,0.9857103182753436,0.014289681724656389,{PD},1,1
3,Ga,GaPt12,1,0.00337748964420534,0.9966225103557946,0.9966225103557946,0.003377489644205367,{PD},1,1
3,Ga,GaPt13,1,0.000558237366410638,0.9994417626335894,0.9994417626335894,0.0005582373664105855,{PD},1,1
3,Ga,GaPt14,1,0.026730017340606135,0.9732699826593939,0.9732699826593939,0.026730017340606094,{PD},1,1
3,Ga,GaPt15,1,0.08661587320422146,0.9133841267957785,0.9133841267957785,0.08661587320422148,{PD},1,1
3,Ga,GaPt16,1,0.0630307897969508,0.9369692102030491,0.9369692102030491,0.06303078979695087,{PD},1,1
3,Ga,GaPt17,1,0.03425694404644898,0.965743055953551,0.965743055953551,0.03425694404644897,{PD},1,1
3,Ga,GaPt18,1,0.3040956297580224,0.6959043702419777,0.6959043702419777,0.3040956297580223,"{Healthy, PD}",2,1
3,Ga,GaPt19,1,0.9790400007925456,0.020959999207454318,0.9790400007925456,0.020959999207454394,{Healthy},1,0
3,Ga,GaPt20,1,0.022728245349617496,0.9772717546503825,0.9772717546503825,0.022728245349617482,{PD},1,1
3,Ga,GaPt21,1,0.13394294993897488,0.8660570500610251,0.8660570500610251,0.13394294993897493,{PD},1,1
3,Ga,GaPt22,1,0.536569941231123,0.46343005876887694,0.536569941231123,0.463430058768877,"{Healthy, PD}",2,1
3,Ga,GaPt23,1,0.0615847793317661,0.9384152206682339,0.9384152206682339,0.06158477933176609,{PD},1,1
3,Ga,GaPt24,1,0.20967823386225085,0.7903217661377491,0.7903217661377491,0.20967823386225093,{PD},1,1
3,Ga,GaPt25,1,0.9658592747179467,0.03414072528205311,0.9658592747179467,0.03414072528205325,{Healthy},1,0
3,Ga,GaPt26,1,0.18742369851288457,0.8125763014871155,0.8125763014871155,0.18742369851288454,{PD},1,1
3,Ga,GaPt27,1,0.9826106115319873,0.01738938846801279,0.9826106115319873,0.017389388468012745,{Healthy},1,0
3,Ga,GaPt28,1,0.860327656935894,0.13967234306410603,0.860327656935894,0.13967234306410603,{Healthy},1,0
3,Ga,GaPt29,1,0.5750399493677004,0.42496005063229964,0.5750399493677004,0.4249600506322996,"{Healthy, PD}",2,1
3,Ga,GaPt30,1,0.0572837440713306,0.9427162559286694,0.9427162559286694,0.05728374407133063,{PD},1,1
3,Ga,GaPt31,1,0.033001391042574185,0.9669986089574257,0.9669986089574257,0.03300139104257427,{PD},1,1
3,Ga,GaPt32,1,0.013939889985058105,0.986060110014942,0.986060110014942,0.013939889985058018,{PD},1,1
3,Ga,GaPt33,1,0.011592025266527837,0.9884079747334722,0.9884079747334722,0.011592025266527806,{PD},1,1
