experiment,test_cohort,corruption_type,severity,target_coverage,alpha,q_hat,empirical_coverage,avg_set_size,singleton_rate,ambiguity_rate,empty_rate,num_subjects
1,Si,gaussian_noise,0,0.9,0.1,0.9192679752302372,0.96875,1.84375,0.15625,0.84375,0.0,64
1,Si,gaussian_noise,1,0.9,0.1,0.9192679752302372,1.0,1.890625,0.109375,0.890625,0.0,64
1,Si,gaussian_noise,2,0.9,0.1,0.9192679752302372,1.0,1.96875,0.03125,0.96875,0.0,64
1,Si,gaussian_noise,3,0.9,0.1,0.9192679752302372,0.90625,1.65625,0.34375,0.65625,0.0,64
1,Si,gaussian_noise,4,0.9,0.1,0.9192679752302372,0.609375,1.171875,0.828125,0.171875,0.0,64
1,Si,amplitude_scaling,0,0.9,0.1,0.9192679752302372,0.96875,1.84375,0.15625,0.84375,0.0,64
1,Si,amplitude_scaling,1,0.9,0.1,0.9192679752302372,1.0,1.96875,0.03125,0.96875,0.0,64
1,Si,amplitude_scaling,2,0.9,0.1,0.9192679752302372,0.9375,1.828125,0.171875,0.828125,0.0,64
1,Si,amplitude_scaling,3,0.9,0.1,0.9192679752302372,0.8125,1.515625,0.484375,0.515625,0.0,64
1,Si,amplitude_scaling,4,0.9,0.1,0.9192679752302372,0.75,1.390625,0.609375,0.390625,0.0,64
2,Ju,gaussian_noise,0,0.9,0.1,0.8147560958710676,0.9444444444444444,1.6481481481481481,0.35185185185185186,0.6481481481481481,0.0,54
2,Ju,gaussian_noise,1,0.9,0.1,0.8147560958710676,1.0,1.7222222222222223,0.2777777777777778,0.7222222222222222,0.0,54
2,Ju,gaussian_noise,2,0.9,0.1,0.8147560958710676,0.9074074074074074,1.537037037037037,0.46296296296296297,0.5370370370370371,0.0,54
2,Ju,gaussian_noise,3,0.9,0.1,0.8147560958710676,0.6296296296296297,1.2222222222222223,0.7777777777777778,0.2222222222222222,0.0,54
2,Ju,gaussian_noise,4,0.9,0.1,0.8147560958710676,0.46296296296296297,1.0,1.0,0.0,0.0,54
2,Ju,amplitude_scaling,0,0.9,0.1,0.8147560958710676,0.9444444444444444,1.6481481481481481,0.35185185185185186,0.6481481481481481,0.0,54
2,Ju,amplitude_scaling,1,0.9,0.1,0.8147560958710676,0.9074074074074074,1.537037037037037,0.46296296296296297,0.5370370370370371,0.0,54
2,Ju,amplitude_scaling,2,0.9,0.1,0.8147560958710676,0.6666666666666666,1.2407407407407407,0.7592592592592593,0.24074074074074073,0.0,54
2,Ju,amplitude_scaling,3,0.9,0.1,0.8147560958710676,0.6481481481481481,1.2037037037037037,0.7962962962962963,0.2037037037037037,0.0,54
2,Ju,amplitude_scaling,4,0.9,0.1,0.8147560958710676,0.5555555555555556,1.0925925925925926,0.9074074074074074,0.09259259259259259,0.0,54
3,Ga,gaussian_noise,0,0.9,0.1,0.764675178376716,0.7659574468085106,1.1914893617021276,0.8085106382978723,0.19148936170212766,0.0,47
3,Ga,gaussian_noise,1,0.9,0.1,0.764675178376716,0.7659574468085106,1.2127659574468086,0.7872340425531915,0.2127659574468085,0.0,47
3,Ga,gaussian_noise,2,0.9,0.1,0.764675178376716,0.7659574468085106,1.2553191489361701,0.7446808510638298,0.2553191489361702,0.0,47
3,Ga,gaussian_noise,3,0.9,0.1,0.764675178376716,0.7659574468085106,1.3191489361702127,0.6808510638297872,0.3191489361702128,0.0,47
3,Ga,gaussian_noise,4,0.9,0.1,0.764675178376716,0.46808510638297873,1.0851063829787233,0.9148936170212766,0.0851063829787234,0.0,47
3,Ga,amplitude_scaling,0,0.9,0.1,0.764675178376716,0.7659574468085106,1.1914893617021276,0.8085106382978723,0.19148936170212766,0.0,47
3,Ga,amplitude_scaling,1,0.9,0.1,0.764675178376716,0.7446808510638298,1.2340425531914894,0.7659574468085106,0.23404255319148937,0.0,47
3,Ga,amplitude_scaling,2,0.9,0.1,0.764675178376716,0.7446808510638298,1.2127659574468086,0.7872340425531915,0.2127659574468085,0.0,47
3,Ga,amplitude_scaling,3,0.9,0.1,0.764675178376716,0.7446808510638298,1.2127659574468086,0.7872340425531915,0.2127659574468085,0.0,47
3,Ga,amplitude_scaling,4,0.9,0.1,0.764675178376716,0.7446808510638298,1.2553191489361701,0.7446808510638298,0.2553191489361702,0.0,47
