subject_id,true_label,corruption_type,snr_db,snr_numeric,achieved_snr,baseline_probability,baseline_prediction,correct_baseline,mc_mean_probability,mc_variance,mc_predictive_entropy,mc_expected_entropy,mc_mutual_information,mc_prediction,correct_mc,member_0_probability,member_1_probability,member_2_probability,member_3_probability,member_4_probability,ensemble_mean_probability,ensemble_variance,ensemble_std,ensemble_predictive_entropy,ensemble_expected_entropy,ensemble_mutual_information,ensemble_prediction,member_agreement,correct_ensemble
ID04,1,Clean,inf,100.0,100.0,0.5150454044342041,1,1,0.5145686666170756,3.4072950940198e-05,0.6927226283810268,0.6926544145735908,6.82138074360461e-05,1,1,0.7925283908843994,0.5601633787155151,0.5020589828491211,0.49196887016296387,0.5001434087753296,0.5693726062774658,0.013039691625230035,0.11419146914384645,0.683490942329139,0.655156356124242,0.02833458620489704,1,"4/5 PD, 1/5 Healthy",1
ID04,1,20dB,20.0,20.0,19.97511881879999,0.5147327184677124,1,1,0.5142167250315348,3.485032253463614e-05,0.6927428955336357,0.69267312872813,6.97668055056333e-05,1,1,0.7926344871520996,0.5595486760139465,0.5020983219146729,0.49217790365219116,0.5003916025161743,0.5693701982498169,0.0130371214716709,0.11418021488712876,0.6834916148598433,0.655158694401837,0.028332920458006283,1,"4/5 PD, 1/5 Healthy",1
ID04,1,10dB,10.0,10.0,10.036770152375531,0.5169799327850342,1,1,0.51660831173261,3.3812275215127205e-05,0.6925954070305858,0.6925276976487907,6.77093817950114e-05,1,1,0.7911741137504578,0.5590818524360657,0.5032598972320557,0.4938878118991852,0.4984935522079468,0.5691794455051422,0.012878861312388069,0.11348507087889609,0.6835448144770919,0.6555774877218543,0.02796732675523761,1,"3/5 PD, 2/5 Healthy",1
ID04,1,5dB,5.0,5.0,5.125437482269009,0.515398383140564,1,1,0.5151733080546061,3.4123404116744244e-05,0.6926866513052317,0.6926183295685139,6.832173671778019e-05,1,1,0.7929043769836426,0.5637792348861694,0.5027806758880615,0.48814696073532104,0.5010663866996765,0.5697355270385742,0.013138982016180023,0.11462539865221853,0.6833893129016407,0.6548430513837225,0.02854626151791828,1,"4/5 PD, 1/5 Healthy",1
ID04,1,0dB,0.0,0.0,0.4932675285369178,0.5154094099998474,1,1,0.5144850353399912,3.643738826437549e-05,0.6927274893454856,0.6926545431411155,7.294620437003907e-05,1,1,0.7908400297164917,0.5595771074295044,0.4940226376056671,0.49251416325569153,0.5007416605949402,0.567539119720459,0.01308440156509555,0.11438706904670452,0.6839961672478848,0.655625978107578,0.028370189140306867,1,"3/5 PD, 2/5 Healthy",1
ID10,0,Clean,inf,100.0,100.0,0.5040943026542664,1,0,0.5034636447827021,1.3865742986702599e-05,0.6931231866976814,0.6930954529210133,2.7733776668092958e-05,1,0,0.6546673774719238,0.5338318347930908,0.5035158395767212,0.48936039209365845,0.49207401275634766,0.5346898913383484,0.0038476063104587862,0.062029076330852986,0.6907384688517744,0.6828860737059516,0.00785239514582281,1,"3/5 PD, 2/5 Healthy",0
ID10,0,20dB,20.0,20.0,19.97511881879999,0.503780722618103,1,0,0.5031101038058599,1.4292459525736668e-05,0.6931278349438276,0.6930992479263769,2.8587017450676377e-05,1,0,0.654682993888855,0.5332077145576477,0.5035545825958252,0.4895627200603485,0.49232858419418335,0.5346673190593719,0.0038401776682350426,0.06196916707714444,0.690741604987559,0.6829040221712054,0.007837582816353605,1,"3/5 PD, 2/5 Healthy",0
ID10,0,10dB,10.0,10.0,10.036770152375531,0.5061237812042236,1,0,0.5056014666954677,1.3986338286552502e-05,0.6930844263889582,0.6930564491339951,2.7977254963063025e-05,1,0,0.6527117490768433,0.532688558101654,0.5047181844711304,0.4911895990371704,0.4904172420501709,0.5343450665473938,0.003736643167180773,0.06112808820158515,0.690786154634073,0.6831636890438212,0.007622465590251815,1,"3/5 PD, 2/5 Healthy",0
ID10,0,5dB,5.0,5.0,5.125437482269009,0.5045369863510132,1,0,0.5041657368342082,1.3919970100491554e-05,0.6931124734316715,0.6930846303192424,2.784311242909343e-05,1,0,0.6550306677818298,0.5373852252960205,0.5042309761047363,0.48573368787765503,0.4929561913013458,0.5350673496723175,0.0039109224038931245,0.06253736806016963,0.6906857222777806,0.6827050734879314,0.007980648789849165,1,"3/5 PD, 2/5 Healthy",0
ID10,0,0dB,0.0,0.0,0.4932675285369178,0.5045154690742493,1,0,0.5034298916657766,1.6983491178138703e-05,0.6931236520617368,0.6930896820080176,3.397005371919004e-05,1,0,0.6512007713317871,0.5333778262138367,0.4954671263694763,0.4899035394191742,0.49269163608551025,0.532528179883957,0.003772247548798049,0.061418625422570705,0.6910295203359398,0.6833414472456047,0.007688073090335035,1,"2/5 PD, 3/5 Healthy",0
ID13,1,Clean,inf,100.0,100.0,0.5019948482513428,1,1,0.4998189946015676,8.406722567374047e-05,0.6931471150340354,0.6929789619903516,0.00016815304368378303,0,0,0.18541471660137177,0.5069686770439148,0.4798972010612488,0.46170422434806824,0.46465179324150085,0.4197273224592209,0.013982826774380933,0.11824900327013727,0.6802038345152281,0.6491503141571785,0.031053520358049647,0,"1/5 PD, 4/5 Healthy",0
ID13,1,20dB,20.0,20.0,19.97511881879999,0.5016824007034302,1,1,0.4994684507449468,8.327844221654384e-05,0.6931466154706177,0.6929800402265289,0.00016657524408880686,0,0,0.18513165414333344,0.5063836574554443,0.47994574904441833,0.46191826462745667,0.4649294316768646,0.41966175138950346,0.013998798333778737,0.11831651758642467,0.6801825876872563,0.6490847600663147,0.031097827620941598,0,"1/5 PD, 4/5 Healthy",0
ID13,1,10dB,10.0,10.0,10.036770152375531,0.5040329098701477,1,1,0.5019682745138804,8.51014203966432e-05,0.6931394323308097,0.6929692081889084,0.00017022414190126511,1,1,0.18390986323356628,0.5058552622795105,0.48104313015937805,0.4633729159832001,0.4629477858543396,0.4194257915019989,0.014112003210562349,0.1187939527524964,0.6801059841263941,0.6487276426734935,0.03137834145290064,0,"1/5 PD, 4/5 Healthy",0
ID13,1,5dB,5.0,5.0,5.125437482269009,0.5024521946907043,1,1,0.5005406727393468,7.803250954223528e-05,0.6931465959058092,0.6929905132737559,0.0001560826320532449,1,1,0.18530896306037903,0.5101907253265381,0.48070624470710754,0.45856204628944397,0.4654255509376526,0.4200387060642242,0.014090000500476449,0.11870130791392507,0.6803044904047905,0.6490308884311512,0.031273601973639265,0,"1/5 PD, 4/5 Healthy",0
ID13,1,0dB,0.0,0.0,0.4932675285369178,0.5024246573448181,1,1,0.4998057097196579,9.170564087136236e-05,0.6931471050625173,0.6929636718844516,0.00018343317806568393,0,0,0.1806257665157318,0.5066735744476318,0.47227704524993896,0.4624309837818146,0.46533721685409546,0.41746891736984254,0.01427380826882775,0.11947304410965576,0.6794618773322075,0.6476144609256875,0.03184741640652,0,"1/5 PD, 4/5 Healthy",0
ID23,0,Clean,inf,100.0,100.0,0.492820680141449,0,1,0.4908650447924932,0.00010180419853301735,0.6929802764607929,0.6927765837235084,0.00020369273728448878,0,1,0.13018299639225006,0.47102221846580505,0.4976421594619751,0.47562071681022644,0.456238329410553,0.4061412841081619,0.019214405581872672,0.13861603652490095,0.6754233013979414,0.6305214844254244,0.04490181697251694,0,"0/5 PD, 5/5 Healthy",1
ID23,0,20dB,20.0,20.0,19.97511881879999,0.4925006330013275,0,1,0.4905052493015925,0.00010061025977601919,0.6929668691406323,0.6927655602955097,0.00020130884512259417,0,1,0.1299445778131485,0.4704323709011078,0.4976818859577179,0.47581297159194946,0.45651841163635254,0.4060780435800552,0.019237925042843818,0.13870084730398663,0.675399265478569,0.6304306486798156,0.044968616798753414,0,"0/5 PD, 5/5 Healthy",1
ID23,0,10dB,10.0,10.0,10.036770152375531,0.4949800670146942,0,1,0.4931391954421997,0.00010361440758180389,0.6930530363271687,0.692845748146161,0.000207288181007792,0,1,0.12904076278209686,0.4698319733142853,0.4987923502922058,0.4772059917449951,0.45454978942871094,0.4058841735124588,0.01936373368107084,0.13915363337358763,0.6753254776584516,0.6300293987280782,0.04529607893037346,0,"0/5 PD, 5/5 Healthy",1
ID23,0,5dB,5.0,5.0,5.125437482269009,0.49335986375808716,0,1,0.49167826275030774,0.00010049863579251687,0.6930086715432054,0.6928076046376421,0.00020106690556331852,0,1,0.13007189333438873,0.474092960357666,0.4983561038970947,0.47257182002067566,0.4569638967514038,0.4064113348722458,0.019266180247291587,0.13880266657125714,0.6755257534080661,0.6305099102234769,0.04501584318458918,0,"0/5 PD, 5/5 Healthy",1
ID23,0,0dB,0.0,0.0,0.4932675285369178,0.4933057725429535,0,1,0.4908856103817622,0.00010541585643307881,0.692981027161198,0.6927701004614966,0.0002109266997014636,0,1,0.1263871043920517,0.4709359407424927,0.48995333909988403,0.4762237071990967,0.4569331705570221,0.4040866523981094,0.01939109267138818,0.13925190365444984,0.6746339078102537,0.6290623730279423,0.04557153478231135,0,"0/5 PD, 5/5 Healthy",1
ID29,1,Clean,inf,100.0,100.0,0.5162338018417358,1,1,0.5164199431737264,7.04190926706695e-05,0.6926078545277912,0.6924668312490357,0.00014102327875542553,1,1,0.8828816413879395,0.5795720219612122,0.5115128755569458,0.4982954263687134,0.5132765769958496,0.5971077084541321,0.02121844843128713,0.14566553618233494,0.6741669763842304,0.6240783463219789,0.050088630062251505,1,"4/5 PD, 1/5 Healthy",1
ID29,1,20dB,20.0,20.0,19.97511881879999,0.5159220695495605,1,1,0.5160684903462728,7.136888698860213e-05,0.6926306988720257,0.6924877809006026,0.00014291797142307328,1,1,0.8829882144927979,0.5789467096328735,0.5115471482276917,0.4985029995441437,0.5135126709938049,0.5970995485782623,0.021217822730334172,0.1456633884348918,0.6741701865715575,0.6240726854878975,0.05009750108365996,1,"4/5 PD, 1/5 Healthy",1
ID29,1,10dB,10.0,10.0,10.036770152375531,0.518152117729187,1,1,0.5184388359387716,6.882008463343761e-05,0.6924670450096138,0.6923291845041779,0.0001378605054358495,1,1,0.8820605874061584,0.5784966945648193,0.5126962065696716,0.5002493262290955,0.5116464495658875,0.5970298528671265,0.02107099147639587,0.1451585046643698,0.6741975943739472,0.6244838983220381,0.04971369605190912,1,"5/5 PD, 0/5 Healthy",1
ID29,1,5dB,5.0,5.0,5.125437482269009,0.5165753364562988,1,1,0.5170083403587341,7.014315895868131e-05,0.6925685016447171,0.6924280154593869,0.00014048618533013535,1,1,0.883164644241333,0.5833137035369873,0.5121744871139526,0.4943736791610718,0.514265775680542,0.5974584579467773,0.02132978972905107,0.14604721746425392,0.6740287259045536,0.6236892856480394,0.05033944025651427,1,"4/5 PD, 1/5 Healthy",1
ID29,1,0dB,0.0,0.0,0.4932675285369178,0.5165901780128479,1,1,0.5163268705209096,7.115685507454907e-05,0.6926139523737589,0.6924714556778042,0.00014249669595467473,1,1,0.8821751475334167,0.5788978338241577,0.5035732984542847,0.49880877137184143,0.5138386487960815,0.5954587399959564,0.021385310410848884,0.14623717178217338,0.6748100782994091,0.6244488000794082,0.050361278220000916,1,"4/5 PD, 1/5 Healthy",1
ID35,0,Clean,inf,100.0,100.0,0.5031627416610718,1,0,0.5016180833180746,2.614136900427235e-05,0.6931419441635569,0.6930896586918626,5.2285471694335506e-05,1,0,0.4156254827976227,0.5235753059387207,0.49017956852912903,0.471721351146698,0.4799649119377136,0.4762133240699768,0.0012286704106289647,0.03505239521957044,0.6920151414209545,0.6895442578947535,0.002470883526201062,0,"1/5 PD, 4/5 Healthy",1
ID35,0,20dB,20.0,20.0,19.97511881879999,0.5028548836708069,1,0,0.5012719015280406,2.602658651327595e-05,0.6931439450894619,0.6930918893848322,5.205570462962772e-05,1,0,0.4154013395309448,0.5229684114456177,0.4902229607105255,0.4719335436820984,0.4802291989326477,0.47615109086036683,0.0012229659968197382,0.03497093073996942,0.6920092078995121,0.6895496064956873,0.0024596014038248404,0,"1/5 PD, 4/5 Healthy",1
ID35,0,10dB,10.0,10.0,10.036770152375531,0.5051609873771667,1,0,0.5037258873383205,2.6941590336240712e-05,0.6931194158300685,0.6930655269213294,5.388890873914143e-05,1,0,0.413361519575119,0.5224489569664001,0.49132558703422546,0.473484069108963,0.47829368710517883,0.4757827639579773,0.0012654626804886957,0.03557334227323454,0.6919737724828865,0.6894278373270348,0.002545935155851664,0,"1/5 PD, 4/5 Healthy",1
ID35,0,5dB,5.0,5.0,5.125437482269009,0.5036035776138306,1,0,0.5023187379042308,2.1893343755800116e-05,0.693136427430465,0.6930926383902875,4.378904017754426e-05,1,0,0.4157298505306244,0.526992678642273,0.49093183875083923,0.468324214220047,0.48079198598861694,0.4765541136264801,0.0013072099216311272,0.03615535813169505,0.6920473581219679,0.689419289437914,0.0026280686840539635,0,"1/5 PD, 4/5 Healthy",1
ID35,0,0dB,0.0,0.0,0.4932675285369178,0.5035800933837891,1,0,0.5015961438417434,3.1547458358606544e-05,0.693142085200964,0.693078985786387,6.309941457693924e-05,1,0,0.40984073281288147,0.5231795310974121,0.4825354814529419,0.4723804295063019,0.48061153292655945,0.47370954155921935,0.0013307611668553676,0.03647959932421637,0.6917641664562217,0.689085133456498,0.0026790329997237183,0,"1/5 PD, 4/5 Healthy",1
