snr,method,accuracy,balanced_accuracy,roc_auc,nll,brier,ece
Clean,Baseline,0.6666666666666666,0.6666666666666666,0.7777777777777778,0.682269008805537,0.24456264312475776,0.15871493021647132
Clean,MC Dropout (N=30),0.5,0.5,0.7777777777777778,0.6817166429272041,0.2442865207133551,0.0075643830829196235
Clean,Deep Ensemble (M=5),0.6666666666666666,0.6666666666666666,0.7777777777777778,0.6466439685674895,0.2270169472816511,0.10015195409456878
20dB,Baseline,0.6666666666666666,0.6666666666666666,0.7777777777777778,0.6822609285674499,0.24455852184392013,0.15892130633195234
20dB,MC Dropout (N=30),0.5,0.5,0.7777777777777778,0.6817089766777329,0.24428260391333081,0.007448920110861512
20dB,Deep Ensemble (M=5),0.6666666666666666,0.6666666666666666,0.7777777777777778,0.6466273567470985,0.2270086105978332,0.10012563665707896
10dB,Baseline,0.6666666666666666,0.6666666666666666,0.7777777777777778,0.6824169816492626,0.24463721554721607,0.15742172300815582
10dB,MC Dropout (N=30),0.6666666666666666,0.6666666666666666,0.7777777777777778,0.6818634914241929,0.24436052623157514,0.15779940320385832
10dB,Deep Ensemble (M=5),0.6666666666666666,0.6666666666666666,0.7777777777777778,0.6465094751150889,0.22694892535992495,0.10008972734212884
5dB,Baseline,0.6666666666666666,0.6666666666666666,0.7777777777777778,0.682366893508911,0.24461167335037123,0.15846556425094604
5dB,MC Dropout (N=30),0.6666666666666666,0.6666666666666666,0.7777777777777778,0.6818273824545349,0.24434203380030708,0.15874524447653016
5dB,Deep Ensemble (M=5),0.6666666666666666,0.6666666666666666,0.7777777777777778,0.6466358299071869,0.22701556287455638,0.10012380331754678
0dB,Baseline,0.6666666666666666,0.6666666666666666,0.7777777777777778,0.6823347581238831,0.24459561195676724,0.15846432745456696
0dB,MC Dropout (N=30),0.5,0.5,0.7777777777777778,0.6817662698562,0.24431130582289326,0.00752443687783344
0dB,Deep Ensemble (M=5),0.6666666666666666,0.6666666666666666,0.7777777777777778,0.6463987004941907,0.22688192017152575,0.09995651195446653
