experiment,train_cohorts,test_cohort,subject_id,study,true_label,P_HC,P_PD,predicted_label,is_correct,confidence,uncertainty,conformal_set,set_size,uncertainty_level,confidence_level,reliability_status,flag_reasons
1,Ga+Ju,Si,SiCo01,Si,0,0.2502486884678136,0.7497513115321863,1,0,0.7497513115321863,0.2502486884678137,"{Healthy, PD}",2,LOW,HIGH,FLAG,AMBIGUOUS_CONFORMAL_SET
1,Ga+Ju,Si,SiCo03,Si,0,0.4003487172219616,0.5996512827780385,1,0,0.5996512827780385,0.4003487172219615,"{Healthy, PD}",2,LOW,HIGH,FLAG,AMBIGUOUS_CONFORMAL_SET
1,Ga+Ju,Si,SiCo04,Si,0,0.47188075739638285,0.5281192426036172,1,0,0.5281192426036172,0.4718807573963828,"{Healthy, PD}",2,HIGH,LOW,FLAG,HIGH_UNCERTAINTY;LOW_CONFIDENCE;AMBIGUOUS_CONFORMAL_SET
1,Ga+Ju,Si,SiCo05,Si,0,0.40640594345580466,0.5935940565441954,1,0,0.5935940565441954,0.4064059434558046,"{Healthy, PD}",2,HIGH,HIGH,FLAG,HIGH_UNCERTAINTY;AMBIGUOUS_CONFORMAL_SET
1,Ga+Ju,Si,SiCo06,Si,0,0.3233896025007135,0.6766103974992865,1,0,0.6766103974992865,0.32338960250071347,"{Healthy, PD}",2,LOW,HIGH,FLAG,AMBIGUOUS_CONFORMAL_SET
1,Ga+Ju,Si,SiCo07,Si,0,0.6993982961423758,0.30060170385762414,0,1,0.6993982961423758,0.3006017038576242,"{Healthy, PD}",2,LOW,HIGH,FLAG,AMBIGUOUS_CONFORMAL_SET
1,Ga+Ju,Si,SiCo08,Si,0,0.401668104880562,0.598331895119438,1,0,0.598331895119438,0.40166810488056204,"{Healthy, PD}",2,LOW,HIGH,FLAG,AMBIGUOUS_CONFORMAL_SET
1,Ga+Ju,Si,SiCo09,Si,0,0.2948783392118425,0.7051216607881576,1,0,0.7051216607881576,0.29487833921184237,"{Healthy, PD}",2,LOW,HIGH,FLAG,AMBIGUOUS_CONFORMAL_SET
1,Ga+Ju,Si,SiCo10,Si,0,0.34257426128135654,0.6574257387186435,1,0,0.6574257387186435,0.3425742612813565,"{Healthy, PD}",2,LOW,HIGH,FLAG,AMBIGUOUS_CONFORMAL_SET
1,Ga+Ju,Si,SiCo11,Si,0,0.39214340096727696,0.607856599032723,1,0,0.607856599032723,0.39214340096727696,"{Healthy, PD}",2,LOW,HIGH,FLAG,AMBIGUOUS_CONFORMAL_SET
1,Ga+Ju,Si,SiCo12,Si,0,0.30850556261295076,0.6914944373870493,1,0,0.6914944373870493,0.3085055626129507,"{Healthy, PD}",2,LOW,HIGH,FLAG,AMBIGUOUS_CONFORMAL_SET
1,Ga+Ju,Si,SiCo13,Si,0,0.6569160493520154,0.3430839506479847,0,1,0.6569160493520154,0.3430839506479846,"{Healthy, PD}",2,LOW,HIGH,FLAG,AMBIGUOUS_CONFORMAL_SET
1,Ga+Ju,Si,SiCo14,Si,0,0.21509314464791787,0.7849068553520823,1,0,0.7849068553520823,0.21509314464791773,"{Healthy, PD}",2,LOW,HIGH,FLAG,AMBIGUOUS_CONFORMAL_SET
1,Ga+Ju,Si,SiCo15,Si,0,0.29553785821730905,0.704462141782691,1,0,0.704462141782691,0.29553785821730905,"{Healthy, PD}",2,LOW,HIGH,FLAG,AMBIGUOUS_CONFORMAL_SET
1,Ga+Ju,Si,SiCo16,Si,0,0.1117694200587108,0.8882305799412891,1,0,0.8882305799412891,0.11176942005871093,"{Healthy, PD}",2,LOW,HIGH,FLAG,AMBIGUOUS_CONFORMAL_SET
1,Ga+Ju,Si,SiCo17,Si,0,0.2527937994919977,0.7472062005080022,1,0,0.7472062005080022,0.25279379949199776,"{Healthy, PD}",2,LOW,HIGH,FLAG,AMBIGUOUS_CONFORMAL_SET
1,Ga+Ju,Si,SiCo18,Si,0,0.8427563438044456,0.15724365619555442,0,1,0.8427563438044456,0.15724365619555436,"{Healthy, PD}",2,LOW,HIGH,FLAG,AMBIGUOUS_CONFORMAL_SET
1,Ga+Ju,Si,SiCo19,Si,0,0.5240908206859607,0.4759091793140394,0,1,0.5240908206859607,0.4759091793140393,"{Healthy, PD}",2,HIGH,LOW,FLAG,HIGH_UNCERTAINTY;LOW_CONFIDENCE;AMBIGUOUS_CONFORMAL_SET
1,Ga+Ju,Si,SiCo20,Si,0,0.1601088886146404,0.8398911113853595,1,0,0.8398911113853595,0.16010888861464045,"{Healthy, PD}",2,LOW,HIGH,FLAG,AMBIGUOUS_CONFORMAL_SET
1,Ga+Ju,Si,SiCo21,Si,0,0.2599365507004752,0.7400634492995247,1,0,0.7400634492995247,0.2599365507004753,"{Healthy, PD}",2,LOW,HIGH,FLAG,AMBIGUOUS_CONFORMAL_SET
1,Ga+Ju,Si,SiCo22,Si,0,0.4968850957210394,0.5031149042789607,1,0,0.5031149042789607,0.49688509572103934,"{Healthy, PD}",2,HIGH,LOW,FLAG,HIGH_UNCERTAINTY;LOW_CONFIDENCE;AMBIGUOUS_CONFORMAL_SET
1,Ga+Ju,Si,SiCo23,Si,0,0.19263795512616,0.80736204487384,1,0,0.80736204487384,0.19263795512616,"{Healthy, PD}",2,LOW,HIGH,FLAG,AMBIGUOUS_CONFORMAL_SET
1,Ga+Ju,Si,SiCo24,Si,0,0.06552137441780818,0.9344786255821917,1,0,0.9344786255821917,0.06552137441780825,{PD},1,LOW,HIGH,ACCEPT,NONE
1,Ga+Ju,Si,SiCo25,Si,0,0.3879579015734425,0.6120420984265573,1,0,0.6120420984265573,0.3879579015734427,"{Healthy, PD}",2,LOW,HIGH,FLAG,AMBIGUOUS_CONFORMAL_SET
1,Ga+Ju,Si,SiCo26,Si,0,0.250638631325716,0.7493613686742838,1,0,0.7493613686742838,0.2506386313257162,"{Healthy, PD}",2,LOW,HIGH,FLAG,AMBIGUOUS_CONFORMAL_SET
1,Ga+Ju,Si,SiCo27,Si,0,0.09045439153179557,0.9095456084682045,1,0,0.9095456084682045,0.09045439153179546,"{Healthy, PD}",2,LOW,HIGH,FLAG,AMBIGUOUS_CONFORMAL_SET
1,Ga+Ju,Si,SiCo28,Si,0,0.06175663062548049,0.9382433693745195,1,0,0.9382433693745195,0.061756630625480535,{PD},1,LOW,HIGH,ACCEPT,NONE
1,Ga+Ju,Si,SiCo29,Si,0,0.3620587677250653,0.6379412322749347,1,0,0.6379412322749347,0.3620587677250653,"{Healthy, PD}",2,LOW,HIGH,FLAG,AMBIGUOUS_CONFORMAL_SET
1,Ga+Ju,Si,SiCo30,Si,0,0.5189137839821499,0.48108621601785,0,1,0.5189137839821499,0.48108621601785007,"{Healthy, PD}",2,HIGH,LOW,FLAG,HIGH_UNCERTAINTY;LOW_CONFIDENCE;AMBIGUOUS_CONFORMAL_SET
1,Ga+Ju,Si,SiPt02,Si,1,0.011644880159241646,0.9883551198407583,1,1,0.9883551198407583,0.0116448801592417,{PD},1,LOW,HIGH,ACCEPT,NONE
1,Ga+Ju,Si,SiPt04,Si,1,0.6377743244674757,0.3622256755325243,0,0,0.6377743244674757,0.36222567553252427,"{Healthy, PD}",2,LOW,HIGH,FLAG,AMBIGUOUS_CONFORMAL_SET
1,Ga+Ju,Si,SiPt05,Si,1,0.5154411655013466,0.4845588344986535,0,0,0.5154411655013466,0.48455883449865345,"{Healthy, PD}",2,HIGH,LOW,FLAG,HIGH_UNCERTAINTY;LOW_CONFIDENCE;AMBIGUOUS_CONFORMAL_SET
1,Ga+Ju,Si,SiPt07,Si,1,0.03001524743214833,0.9699847525678518,1,1,0.9699847525678518,0.03001524743214823,{PD},1,LOW,HIGH,ACCEPT,NONE
1,Ga+Ju,Si,SiPt08,Si,1,0.17432105173506302,0.8256789482649369,1,1,0.8256789482649369,0.17432105173506307,"{Healthy, PD}",2,LOW,HIGH,FLAG,AMBIGUOUS_CONFORMAL_SET
1,Ga+Ju,Si,SiPt09,Si,1,0.4749616300456388,0.5250383699543612,1,1,0.5250383699543612,0.47496163004563885,"{Healthy, PD}",2,HIGH,LOW,FLAG,HIGH_UNCERTAINTY;LOW_CONFIDENCE;AMBIGUOUS_CONFORMAL_SET
1,Ga+Ju,Si,SiPt10,Si,1,0.28484758220030665,0.7151524177996933,1,1,0.7151524177996933,0.2848475822003067,"{Healthy, PD}",2,LOW,HIGH,FLAG,AMBIGUOUS_CONFORMAL_SET
1,Ga+Ju,Si,SiPt12,Si,1,0.021369841606568744,0.9786301583934313,1,1,0.9786301583934313,0.02136984160656874,{PD},1,LOW,HIGH,ACCEPT,NONE
1,Ga+Ju,Si,SiPt13,Si,1,0.16177840698868828,0.8382215930113117,1,1,0.8382215930113117,0.16177840698868828,"{Healthy, PD}",2,LOW,HIGH,FLAG,AMBIGUOUS_CONFORMAL_SET
1,Ga+Ju,Si,SiPt14,Si,1,0.24679017513972681,0.7532098248602732,1,1,0.7532098248602732,0.2467901751397268,"{Healthy, PD}",2,LOW,HIGH,FLAG,AMBIGUOUS_CONFORMAL_SET
1,Ga+Ju,Si,SiPt15,Si,1,0.03671057208744905,0.9632894279125509,1,1,0.9632894279125509,0.0367105720874491,{PD},1,LOW,HIGH,ACCEPT,NONE
1,Ga+Ju,Si,SiPt16,Si,1,0.6103036696315202,0.3896963303684798,0,0,0.6103036696315202,0.38969633036847984,"{Healthy, PD}",2,LOW,HIGH,FLAG,AMBIGUOUS_CONFORMAL_SET
1,Ga+Ju,Si,SiPt17,Si,1,0.6439373938442055,0.35606260615579466,0,0,0.6439373938442055,0.35606260615579455,"{Healthy, PD}",2,LOW,HIGH,FLAG,AMBIGUOUS_CONFORMAL_SET
1,Ga+Ju,Si,SiPt18,Si,1,0.3999878281417276,0.6000121718582725,1,1,0.6000121718582725,0.3999878281417275,"{Healthy, PD}",2,LOW,HIGH,FLAG,AMBIGUOUS_CONFORMAL_SET
1,Ga+Ju,Si,SiPt19,Si,1,0.2164136245296184,0.7835863754703816,1,1,0.7835863754703816,0.21641362452961843,"{Healthy, PD}",2,LOW,HIGH,FLAG,AMBIGUOUS_CONFORMAL_SET
1,Ga+Ju,Si,SiPt20,Si,1,0.1335485571217772,0.8664514428782228,1,1,0.8664514428782228,0.13354855712177716,"{Healthy, PD}",2,LOW,HIGH,FLAG,AMBIGUOUS_CONFORMAL_SET
1,Ga+Ju,Si,SiPt21,Si,1,0.2547597468716094,0.7452402531283905,1,1,0.7452402531283905,0.2547597468716095,"{Healthy, PD}",2,LOW,HIGH,FLAG,AMBIGUOUS_CONFORMAL_SET
1,Ga+Ju,Si,SiPt22,Si,1,0.03382349591596653,0.9661765040840335,1,1,0.9661765040840335,0.03382349591596645,{PD},1,LOW,HIGH,ACCEPT,NONE
1,Ga+Ju,Si,SiPt23,Si,1,0.06501176035281399,0.9349882396471859,1,1,0.9349882396471859,0.06501176035281409,{PD},1,LOW,HIGH,ACCEPT,NONE
1,Ga+Ju,Si,SiPt24,Si,1,0.19896070385133796,0.801039296148662,1,1,0.801039296148662,0.19896070385133802,"{Healthy, PD}",2,LOW,HIGH,FLAG,AMBIGUOUS_CONFORMAL_SET
1,Ga+Ju,Si,SiPt25,Si,1,0.2950448559363972,0.7049551440636027,1,1,0.7049551440636027,0.2950448559363973,"{Healthy, PD}",2,LOW,HIGH,FLAG,AMBIGUOUS_CONFORMAL_SET
1,Ga+Ju,Si,SiPt27,Si,1,0.042547060783123314,0.9574529392168767,1,1,0.9574529392168767,0.042547060783123314,{PD},1,LOW,HIGH,ACCEPT,NONE
1,Ga+Ju,Si,SiPt28,Si,1,0.20581753935010355,0.7941824606498964,1,1,0.7941824606498964,0.2058175393501036,"{Healthy, PD}",2,LOW,HIGH,FLAG,AMBIGUOUS_CONFORMAL_SET
1,Ga+Ju,Si,SiPt29,Si,1,0.05469645178288652,0.9453035482171135,1,1,0.9453035482171135,0.05469645178288651,{PD},1,LOW,HIGH,ACCEPT,NONE
1,Ga+Ju,Si,SiPt30,Si,1,0.23005747797724993,0.76994252202275,1,1,0.76994252202275,0.23005747797724996,"{Healthy, PD}",2,LOW,HIGH,FLAG,AMBIGUOUS_CONFORMAL_SET
1,Ga+Ju,Si,SiPt31,Si,1,0.10886744528313566,0.8911325547168643,1,1,0.8911325547168643,0.10886744528313574,"{Healthy, PD}",2,LOW,HIGH,FLAG,AMBIGUOUS_CONFORMAL_SET
1,Ga+Ju,Si,SiPt32,Si,1,0.4230095338054356,0.5769904661945644,1,1,0.5769904661945644,0.4230095338054356,"{Healthy, PD}",2,HIGH,HIGH,FLAG,HIGH_UNCERTAINTY;AMBIGUOUS_CONFORMAL_SET
1,Ga+Ju,Si,SiPt33,Si,1,0.4811887786628371,0.5188112213371628,1,1,0.5188112213371628,0.48118877866283716,"{Healthy, PD}",2,HIGH,LOW,FLAG,HIGH_UNCERTAINTY;LOW_CONFIDENCE;AMBIGUOUS_CONFORMAL_SET
1,Ga+Ju,Si,SiPt34,Si,1,0.6352683937030174,0.36473160629698265,0,0,0.6352683937030174,0.36473160629698265,"{Healthy, PD}",2,LOW,HIGH,FLAG,AMBIGUOUS_CONFORMAL_SET
1,Ga+Ju,Si,SiPt35,Si,1,0.7173522965833721,0.28264770341662787,0,0,0.7173522965833721,0.2826477034166279,"{Healthy, PD}",2,LOW,HIGH,FLAG,AMBIGUOUS_CONFORMAL_SET
1,Ga+Ju,Si,SiPt36,Si,1,0.16437168321126086,0.8356283167887391,1,1,0.8356283167887391,0.16437168321126094,"{Healthy, PD}",2,LOW,HIGH,FLAG,AMBIGUOUS_CONFORMAL_SET
1,Ga+Ju,Si,SiPt37,Si,1,0.3420323103875477,0.6579676896124523,1,1,0.6579676896124523,0.34203231038754767,"{Healthy, PD}",2,LOW,HIGH,FLAG,AMBIGUOUS_CONFORMAL_SET
1,Ga+Ju,Si,SiPt38,Si,1,0.35513063289829755,0.6448693671017023,1,1,0.6448693671017023,0.3551306328982977,"{Healthy, PD}",2,LOW,HIGH,FLAG,AMBIGUOUS_CONFORMAL_SET
1,Ga+Ju,Si,SiPt39,Si,1,0.13527168414064525,0.8647283158593547,1,1,0.8647283158593547,0.13527168414064528,"{Healthy, PD}",2,LOW,HIGH,FLAG,AMBIGUOUS_CONFORMAL_SET
1,Ga+Ju,Si,SiPt40,Si,1,0.34316379287787024,0.6568362071221299,1,1,0.6568362071221299,0.34316379287787013,"{Healthy, PD}",2,LOW,HIGH,FLAG,AMBIGUOUS_CONFORMAL_SET
2,Ga+Si,Ju,JuCo01,Ju,0,0.5928521588343766,0.4071478411656234,0,1,0.5928521588343766,0.4071478411656234,"{Healthy, PD}",2,LOW,HIGH,FLAG,AMBIGUOUS_CONFORMAL_SET
2,Ga+Si,Ju,JuCo02,Ju,0,0.6941210630952085,0.30587893690479145,0,1,0.6941210630952085,0.3058789369047915,"{Healthy, PD}",2,LOW,HIGH,FLAG,AMBIGUOUS_CONFORMAL_SET
2,Ga+Si,Ju,JuCo03,Ju,0,0.3661232367157936,0.6338767632842064,1,0,0.6338767632842064,0.3661232367157936,"{Healthy, PD}",2,LOW,HIGH,FLAG,AMBIGUOUS_CONFORMAL_SET
2,Ga+Si,Ju,JuCo04,Ju,0,0.6378721617720585,0.3621278382279414,0,1,0.6378721617720585,0.3621278382279415,"{Healthy, PD}",2,LOW,HIGH,FLAG,AMBIGUOUS_CONFORMAL_SET
2,Ga+Si,Ju,JuCo05,Ju,0,0.5443880245228564,0.45561197547714355,0,1,0.5443880245228564,0.4556119754771436,"{Healthy, PD}",2,HIGH,LOW,FLAG,HIGH_UNCERTAINTY;LOW_CONFIDENCE;AMBIGUOUS_CONFORMAL_SET
2,Ga+Si,Ju,JuCo06,Ju,0,0.1550447016099895,0.8449552983900105,1,0,0.8449552983900105,0.1550447016099895,{PD},1,LOW,HIGH,ACCEPT,NONE
2,Ga+Si,Ju,JuCo07,Ju,0,0.8924294070923421,0.10757059290765789,0,1,0.8924294070923421,0.10757059290765791,{Healthy},1,LOW,HIGH,ACCEPT,NONE
2,Ga+Si,Ju,JuCo08,Ju,0,0.7887594637662044,0.21124053623379555,0,1,0.7887594637662044,0.21124053623379557,"{Healthy, PD}",2,LOW,HIGH,FLAG,AMBIGUOUS_CONFORMAL_SET
2,Ga+Si,Ju,JuCo09,Ju,0,0.7290444489635661,0.2709555510364339,0,1,0.7290444489635661,0.2709555510364339,"{Healthy, PD}",2,LOW,HIGH,FLAG,AMBIGUOUS_CONFORMAL_SET
2,Ga+Si,Ju,JuCo11,Ju,0,0.2895831861679808,0.7104168138320193,1,0,0.7104168138320193,0.28958318616798073,"{Healthy, PD}",2,LOW,HIGH,FLAG,AMBIGUOUS_CONFORMAL_SET
2,Ga+Si,Ju,JuCo12,Ju,0,0.15299526554056395,0.847004734459436,1,0,0.847004734459436,0.15299526554056397,{PD},1,LOW,HIGH,ACCEPT,NONE
2,Ga+Si,Ju,JuCo13,Ju,0,0.8041675999924508,0.19583240000754917,0,1,0.8041675999924508,0.1958324000075492,"{Healthy, PD}",2,LOW,HIGH,FLAG,AMBIGUOUS_CONFORMAL_SET
2,Ga+Si,Ju,JuCo14,Ju,0,0.1573442094147453,0.8426557905852547,1,0,0.8426557905852547,0.15734420941474525,{PD},1,LOW,HIGH,ACCEPT,NONE
2,Ga+Si,Ju,JuCo15,Ju,0,0.8593911513939383,0.14060884860606174,0,1,0.8593911513939383,0.1406088486060617,{Healthy},1,LOW,HIGH,ACCEPT,NONE
2,Ga+Si,Ju,JuCo16,Ju,0,0.7682669953662818,0.23173300463371824,0,1,0.7682669953662818,0.23173300463371815,"{Healthy, PD}",2,LOW,HIGH,FLAG,AMBIGUOUS_CONFORMAL_SET
2,Ga+Si,Ju,JuCo17,Ju,0,0.8821928083918468,0.11780719160815321,0,1,0.8821928083918468,0.11780719160815323,{Healthy},1,LOW,HIGH,ACCEPT,NONE
2,Ga+Si,Ju,JuCo18,Ju,0,0.547141449998412,0.452858550001588,0,1,0.547141449998412,0.45285855000158803,"{Healthy, PD}",2,HIGH,LOW,FLAG,HIGH_UNCERTAINTY;LOW_CONFIDENCE;AMBIGUOUS_CONFORMAL_SET
2,Ga+Si,Ju,JuCo19,Ju,0,0.6011826531826078,0.39881734681739234,0,1,0.6011826531826078,0.3988173468173922,"{Healthy, PD}",2,LOW,HIGH,FLAG,AMBIGUOUS_CONFORMAL_SET
2,Ga+Si,Ju,JuCo20,Ju,0,0.22277605748493762,0.7772239425150623,1,0,0.7772239425150623,0.22277605748493767,"{Healthy, PD}",2,LOW,HIGH,FLAG,AMBIGUOUS_CONFORMAL_SET
2,Ga+Si,Ju,JuCo21,Ju,0,0.476922506154307,0.5230774938456929,1,0,0.5230774938456929,0.4769225061543071,"{Healthy, PD}",2,HIGH,LOW,FLAG,HIGH_UNCERTAINTY;LOW_CONFIDENCE;AMBIGUOUS_CONFORMAL_SET
2,Ga+Si,Ju,JuCo22,Ju,0,0.48633040534257865,0.5136695946574213,1,0,0.5136695946574213,0.48633040534257865,"{Healthy, PD}",2,HIGH,LOW,FLAG,HIGH_UNCERTAINTY;LOW_CONFIDENCE;AMBIGUOUS_CONFORMAL_SET
2,Ga+Si,Ju,JuCo23,Ju,0,0.47646987859726386,0.5235301214027361,1,0,0.5235301214027361,0.47646987859726386,"{Healthy, PD}",2,HIGH,LOW,FLAG,HIGH_UNCERTAINTY;LOW_CONFIDENCE;AMBIGUOUS_CONFORMAL_SET
2,Ga+Si,Ju,JuCo24,Ju,0,0.8684900259650034,0.13150997403499662,0,1,0.8684900259650034,0.13150997403499665,{Healthy},1,LOW,HIGH,ACCEPT,NONE
2,Ga+Si,Ju,JuCo25,Ju,0,0.6321416087722803,0.3678583912277197,0,1,0.6321416087722803,0.3678583912277197,"{Healthy, PD}",2,LOW,HIGH,FLAG,AMBIGUOUS_CONFORMAL_SET
2,Ga+Si,Ju,JuCo26,Ju,0,0.7186072820462135,0.2813927179537865,0,1,0.7186072820462135,0.2813927179537865,"{Healthy, PD}",2,LOW,HIGH,FLAG,AMBIGUOUS_CONFORMAL_SET
2,Ga+Si,Ju,JuPt01,Ju,1,0.3911158051803338,0.6088841948196662,1,1,0.6088841948196662,0.39111580518033384,"{Healthy, PD}",2,LOW,HIGH,FLAG,AMBIGUOUS_CONFORMAL_SET
2,Ga+Si,Ju,JuPt02,Ju,1,0.29799276721106327,0.7020072327889367,1,1,0.7020072327889367,0.29799276721106327,"{Healthy, PD}",2,LOW,HIGH,FLAG,AMBIGUOUS_CONFORMAL_SET
2,Ga+Si,Ju,JuPt03,Ju,1,0.06257365464494696,0.937426345355053,1,1,0.937426345355053,0.06257365464494702,{PD},1,LOW,HIGH,ACCEPT,NONE
2,Ga+Si,Ju,JuPt04,Ju,1,0.01316462379688368,0.9868353762031162,1,1,0.9868353762031162,0.013164623796883768,{PD},1,LOW,HIGH,ACCEPT,NONE
2,Ga+Si,Ju,JuPt05,Ju,1,0.5228512706276158,0.47714872937238406,0,0,0.5228512706276158,0.4771487293723842,"{Healthy, PD}",2,HIGH,LOW,FLAG,HIGH_UNCERTAINTY;LOW_CONFIDENCE;AMBIGUOUS_CONFORMAL_SET
2,Ga+Si,Ju,JuPt06,Ju,1,0.2505654457863555,0.7494345542136444,1,1,0.7494345542136444,0.25056544578635565,"{Healthy, PD}",2,LOW,HIGH,FLAG,AMBIGUOUS_CONFORMAL_SET
2,Ga+Si,Ju,JuPt07,Ju,1,0.6100449789649951,0.38995502103500496,0,0,0.6100449789649951,0.3899550210350049,"{Healthy, PD}",2,LOW,HIGH,FLAG,AMBIGUOUS_CONFORMAL_SET
2,Ga+Si,Ju,JuPt08,Ju,1,0.4645209068252027,0.5354790931747972,1,1,0.5354790931747972,0.46452090682520275,"{Healthy, PD}",2,HIGH,LOW,FLAG,HIGH_UNCERTAINTY;LOW_CONFIDENCE;AMBIGUOUS_CONFORMAL_SET
2,Ga+Si,Ju,JuPt09,Ju,1,0.08734179333981998,0.91265820666018,1,1,0.91265820666018,0.08734179333981995,{PD},1,LOW,HIGH,ACCEPT,NONE
2,Ga+Si,Ju,JuPt10,Ju,1,0.5278002739572203,0.4721997260427797,0,0,0.5278002739572203,0.4721997260427797,"{Healthy, PD}",2,HIGH,LOW,FLAG,HIGH_UNCERTAINTY;LOW_CONFIDENCE;AMBIGUOUS_CONFORMAL_SET
2,Ga+Si,Ju,JuPt11,Ju,1,0.23994736948705,0.76005263051295,1,1,0.76005263051295,0.23994736948704998,"{Healthy, PD}",2,LOW,HIGH,FLAG,AMBIGUOUS_CONFORMAL_SET
2,Ga+Si,Ju,JuPt12,Ju,1,0.14587446715434543,0.8541255328456546,1,1,0.8541255328456546,0.14587446715434538,{PD},1,LOW,HIGH,ACCEPT,NONE
2,Ga+Si,Ju,JuPt13,Ju,1,0.03419194456464348,0.9658080554353565,1,1,0.9658080554353565,0.03419194456464347,{PD},1,LOW,HIGH,ACCEPT,NONE
2,Ga+Si,Ju,JuPt14,Ju,1,0.07911091300239077,0.9208890869976093,1,1,0.9208890869976093,0.0791109130023907,{PD},1,LOW,HIGH,ACCEPT,NONE
2,Ga+Si,Ju,JuPt15,Ju,1,0.6705541584636234,0.3294458415363765,0,0,0.6705541584636234,0.32944584153637657,"{Healthy, PD}",2,LOW,HIGH,FLAG,AMBIGUOUS_CONFORMAL_SET
2,Ga+Si,Ju,JuPt16,Ju,1,0.3165016259758876,0.6834983740241124,1,1,0.6834983740241124,0.3165016259758876,"{Healthy, PD}",2,LOW,HIGH,FLAG,AMBIGUOUS_CONFORMAL_SET
2,Ga+Si,Ju,JuPt17,Ju,1,0.20458378350460005,0.7954162164954,1,1,0.7954162164954,0.20458378350460005,"{Healthy, PD}",2,LOW,HIGH,FLAG,AMBIGUOUS_CONFORMAL_SET
2,Ga+Si,Ju,JuPt18,Ju,1,0.043282656660000855,0.9567173433399991,1,1,0.9567173433399991,0.04328265666000086,{PD},1,LOW,HIGH,ACCEPT,NONE
2,Ga+Si,Ju,JuPt19,Ju,1,0.28707951321652625,0.7129204867834739,1,1,0.7129204867834739,0.28707951321652614,"{Healthy, PD}",2,LOW,HIGH,FLAG,AMBIGUOUS_CONFORMAL_SET
2,Ga+Si,Ju,JuPt20,Ju,1,0.4433240262327543,0.5566759737672456,1,1,0.5566759737672456,0.44332402623275435,"{Healthy, PD}",2,LOW,HIGH,FLAG,AMBIGUOUS_CONFORMAL_SET
2,Ga+Si,Ju,JuPt21,Ju,1,0.155107445472817,0.844892554527183,1,1,0.844892554527183,0.15510744547281696,{PD},1,LOW,HIGH,ACCEPT,NONE
2,Ga+Si,Ju,JuPt22,Ju,1,0.16616317836502525,0.8338368216349749,1,1,0.8338368216349749,0.16616317836502514,{PD},1,LOW,HIGH,ACCEPT,NONE
2,Ga+Si,Ju,JuPt23,Ju,1,0.5908562671917885,0.4091437328082115,0,0,0.5908562671917885,0.4091437328082115,"{Healthy, PD}",2,LOW,HIGH,FLAG,AMBIGUOUS_CONFORMAL_SET
2,Ga+Si,Ju,JuPt24,Ju,1,0.4391985798774065,0.5608014201225936,1,1,0.5608014201225936,0.4391985798774064,"{Healthy, PD}",2,LOW,HIGH,FLAG,AMBIGUOUS_CONFORMAL_SET
2,Ga+Si,Ju,JuPt25,Ju,1,0.09988391301164673,0.9001160869883532,1,1,0.9001160869883532,0.09988391301164679,{PD},1,LOW,HIGH,ACCEPT,NONE
2,Ga+Si,Ju,JuPt26,Ju,1,0.14853711425928925,0.8514628857407107,1,1,0.8514628857407107,0.14853711425928928,{PD},1,LOW,HIGH,ACCEPT,NONE
2,Ga+Si,Ju,JuPt27,Ju,1,0.3896316659649247,0.6103683340350753,1,1,0.6103683340350753,0.3896316659649247,"{Healthy, PD}",2,LOW,HIGH,FLAG,AMBIGUOUS_CONFORMAL_SET
2,Ga+Si,Ju,JuPt28,Ju,1,0.1029904989525733,0.8970095010474267,1,1,0.8970095010474267,0.10299049895257328,{PD},1,LOW,HIGH,ACCEPT,NONE
2,Ga+Si,Ju,JuPt29,Ju,1,0.32675465607389026,0.6732453439261097,1,1,0.6732453439261097,0.3267546560738903,"{Healthy, PD}",2,LOW,HIGH,FLAG,AMBIGUOUS_CONFORMAL_SET
3,Ju+Si,Ga,GaCo01,Ga,0,0.5062837382964682,0.4937162617035318,0,1,0.5062837382964682,0.4937162617035318,"{Healthy, PD}",2,HIGH,LOW,FLAG,HIGH_UNCERTAINTY;LOW_CONFIDENCE;AMBIGUOUS_CONFORMAL_SET
3,Ju+Si,Ga,GaCo02,Ga,0,0.994682191780932,0.005317808219068041,0,1,0.994682191780932,0.005317808219068021,{Healthy},1,LOW,HIGH,ACCEPT,NONE
3,Ju+Si,Ga,GaCo03,Ga,0,0.8408771037008532,0.15912289629914672,0,1,0.8408771037008532,0.15912289629914678,{Healthy},1,LOW,HIGH,ACCEPT,NONE
3,Ju+Si,Ga,GaCo04,Ga,0,0.36487165319593023,0.6351283468040697,1,0,0.6351283468040697,0.3648716531959303,"{Healthy, PD}",2,HIGH,LOW,FLAG,HIGH_UNCERTAINTY;LOW_CONFIDENCE;AMBIGUOUS_CONFORMAL_SET
3,Ju+Si,Ga,GaCo05,Ga,0,0.005117914497799912,0.9948820855022001,1,0,0.9948820855022001,0.005117914497799858,{PD},1,LOW,HIGH,ACCEPT,NONE
3,Ju+Si,Ga,GaCo06,Ga,0,0.06349575218318795,0.9365042478168121,1,0,0.9365042478168121,0.06349575218318793,{PD},1,LOW,HIGH,ACCEPT,NONE
3,Ju+Si,Ga,GaCo07,Ga,0,0.005542194079716941,0.9944578059202831,1,0,0.9944578059202831,0.0055421940797169,{PD},1,LOW,HIGH,ACCEPT,NONE
3,Ju+Si,Ga,GaCo08,Ga,0,0.0022871726056260065,0.997712827394374,1,0,0.997712827394374,0.0022871726056260533,{PD},1,LOW,HIGH,ACCEPT,NONE
3,Ju+Si,Ga,GaCo09,Ga,0,0.02777707414066703,0.9722229258593329,1,0,0.9722229258593329,0.027777074140667102,{PD},1,LOW,HIGH,ACCEPT,NONE
3,Ju+Si,Ga,GaCo10,Ga,0,0.04508202967297641,0.9549179703270236,1,0,0.9549179703270236,0.045082029672976365,{PD},1,LOW,HIGH,ACCEPT,NONE
3,Ju+Si,Ga,GaCo11,Ga,0,0.9518130381009762,0.048186961899023904,0,1,0.9518130381009762,0.04818696189902383,{Healthy},1,LOW,HIGH,ACCEPT,NONE
3,Ju+Si,Ga,GaCo12,Ga,0,0.8828114771811911,0.11718852281880891,0,1,0.8828114771811911,0.11718852281880887,{Healthy},1,LOW,HIGH,ACCEPT,NONE
3,Ju+Si,Ga,GaCo13,Ga,0,0.8795890887438357,0.1204109112561644,0,1,0.8795890887438357,0.12041091125616432,{Healthy},1,LOW,HIGH,ACCEPT,NONE
3,Ju+Si,Ga,GaCo14,Ga,0,0.9077465008955112,0.09225349910448866,0,1,0.9077465008955112,0.09225349910448877,{Healthy},1,LOW,HIGH,ACCEPT,NONE
3,Ju+Si,Ga,GaCo15,Ga,0,0.003713480553978778,0.9962865194460212,1,0,0.9962865194460212,0.0037134805539787985,{PD},1,LOW,HIGH,ACCEPT,NONE
3,Ju+Si,Ga,GaCo16,Ga,0,0.6980423362227316,0.3019576637772685,0,1,0.6980423362227316,0.3019576637772684,"{Healthy, PD}",2,HIGH,LOW,FLAG,HIGH_UNCERTAINTY;LOW_CONFIDENCE;AMBIGUOUS_CONFORMAL_SET
3,Ju+Si,Ga,GaCo17,Ga,0,0.9765960247210017,0.023403975278998384,0,1,0.9765960247210017,0.02340397527899829,{Healthy},1,LOW,HIGH,ACCEPT,NONE
3,Ju+Si,Ga,GaCo22,Ga,0,0.2997439458540492,0.7002560541459508,1,0,0.7002560541459508,0.2997439458540492,"{Healthy, PD}",2,HIGH,LOW,FLAG,HIGH_UNCERTAINTY;LOW_CONFIDENCE;AMBIGUOUS_CONFORMAL_SET
3,Ju+Si,Ga,GaPt03,Ga,1,0.011062054925228762,0.9889379450747713,1,1,0.9889379450747713,0.011062054925228715,{PD},1,LOW,HIGH,ACCEPT,NONE
3,Ju+Si,Ga,GaPt04,Ga,1,0.021590767242107452,0.9784092327578925,1,1,0.9784092327578925,0.02159076724210751,{PD},1,LOW,HIGH,ACCEPT,NONE
3,Ju+Si,Ga,GaPt05,Ga,1,0.5685931550451945,0.43140684495480547,0,0,0.5685931550451945,0.4314068449548055,"{Healthy, PD}",2,HIGH,LOW,FLAG,HIGH_UNCERTAINTY;LOW_CONFIDENCE;AMBIGUOUS_CONFORMAL_SET
3,Ju+Si,Ga,GaPt06,Ga,1,0.3406084142591455,0.6593915857408545,1,1,0.6593915857408545,0.34060841425914545,"{Healthy, PD}",2,HIGH,LOW,FLAG,HIGH_UNCERTAINTY;LOW_CONFIDENCE;AMBIGUOUS_CONFORMAL_SET
3,Ju+Si,Ga,GaPt07,Ga,1,0.05845006185900555,0.9415499381409944,1,1,0.9415499381409944,0.058450061859005586,{PD},1,LOW,HIGH,ACCEPT,NONE
3,Ju+Si,Ga,GaPt08,Ga,1,0.003572470621783863,0.9964275293782161,1,1,0.9964275293782161,0.0035724706217838964,{PD},1,LOW,HIGH,ACCEPT,NONE
3,Ju+Si,Ga,GaPt09,Ga,1,0.01428968172465638,0.9857103182753436,1,1,0.9857103182753436,0.014289681724656389,{PD},1,LOW,HIGH,ACCEPT,NONE
3,Ju+Si,Ga,GaPt12,Ga,1,0.00337748964420534,0.9966225103557946,1,1,0.9966225103557946,0.003377489644205367,{PD},1,LOW,HIGH,ACCEPT,NONE
3,Ju+Si,Ga,GaPt13,Ga,1,0.000558237366410638,0.9994417626335894,1,1,0.9994417626335894,0.0005582373664105855,{PD},1,LOW,HIGH,ACCEPT,NONE
3,Ju+Si,Ga,GaPt14,Ga,1,0.026730017340606135,0.9732699826593939,1,1,0.9732699826593939,0.026730017340606094,{PD},1,LOW,HIGH,ACCEPT,NONE
3,Ju+Si,Ga,GaPt15,Ga,1,0.08661587320422146,0.9133841267957785,1,1,0.9133841267957785,0.08661587320422148,{PD},1,LOW,HIGH,ACCEPT,NONE
3,Ju+Si,Ga,GaPt16,Ga,1,0.0630307897969508,0.9369692102030491,1,1,0.9369692102030491,0.06303078979695087,{PD},1,LOW,HIGH,ACCEPT,NONE
3,Ju+Si,Ga,GaPt17,Ga,1,0.03425694404644898,0.965743055953551,1,1,0.965743055953551,0.03425694404644897,{PD},1,LOW,HIGH,ACCEPT,NONE
3,Ju+Si,Ga,GaPt18,Ga,1,0.3040956297580224,0.6959043702419777,1,1,0.6959043702419777,0.3040956297580223,"{Healthy, PD}",2,HIGH,LOW,FLAG,HIGH_UNCERTAINTY;LOW_CONFIDENCE;AMBIGUOUS_CONFORMAL_SET
3,Ju+Si,Ga,GaPt19,Ga,1,0.9790400007925456,0.020959999207454318,0,0,0.9790400007925456,0.020959999207454394,{Healthy},1,LOW,HIGH,ACCEPT,NONE
3,Ju+Si,Ga,GaPt20,Ga,1,0.022728245349617496,0.9772717546503825,1,1,0.9772717546503825,0.022728245349617482,{PD},1,LOW,HIGH,ACCEPT,NONE
3,Ju+Si,Ga,GaPt21,Ga,1,0.13394294993897488,0.8660570500610251,1,1,0.8660570500610251,0.13394294993897493,{PD},1,LOW,HIGH,ACCEPT,NONE
3,Ju+Si,Ga,GaPt22,Ga,1,0.536569941231123,0.46343005876887694,0,0,0.536569941231123,0.463430058768877,"{Healthy, PD}",2,HIGH,LOW,FLAG,HIGH_UNCERTAINTY;LOW_CONFIDENCE;AMBIGUOUS_CONFORMAL_SET
3,Ju+Si,Ga,GaPt23,Ga,1,0.0615847793317661,0.9384152206682339,1,1,0.9384152206682339,0.06158477933176609,{PD},1,LOW,HIGH,ACCEPT,NONE
3,Ju+Si,Ga,GaPt24,Ga,1,0.20967823386225085,0.7903217661377491,1,1,0.7903217661377491,0.20967823386225093,{PD},1,HIGH,HIGH,FLAG,HIGH_UNCERTAINTY
3,Ju+Si,Ga,GaPt25,Ga,1,0.9658592747179467,0.03414072528205311,0,0,0.9658592747179467,0.03414072528205325,{Healthy},1,LOW,HIGH,ACCEPT,NONE
3,Ju+Si,Ga,GaPt26,Ga,1,0.18742369851288457,0.8125763014871155,1,1,0.8125763014871155,0.18742369851288454,{PD},1,LOW,HIGH,ACCEPT,NONE
3,Ju+Si,Ga,GaPt27,Ga,1,0.9826106115319873,0.01738938846801279,0,0,0.9826106115319873,0.017389388468012745,{Healthy},1,LOW,HIGH,ACCEPT,NONE
3,Ju+Si,Ga,GaPt28,Ga,1,0.860327656935894,0.13967234306410603,0,0,0.860327656935894,0.13967234306410603,{Healthy},1,LOW,HIGH,ACCEPT,NONE
3,Ju+Si,Ga,GaPt29,Ga,1,0.5750399493677004,0.42496005063229964,0,0,0.5750399493677004,0.4249600506322996,"{Healthy, PD}",2,HIGH,LOW,FLAG,HIGH_UNCERTAINTY;LOW_CONFIDENCE;AMBIGUOUS_CONFORMAL_SET
3,Ju+Si,Ga,GaPt30,Ga,1,0.0572837440713306,0.9427162559286694,1,1,0.9427162559286694,0.05728374407133063,{PD},1,LOW,HIGH,ACCEPT,NONE
3,Ju+Si,Ga,GaPt31,Ga,1,0.033001391042574185,0.9669986089574257,1,1,0.9669986089574257,0.03300139104257427,{PD},1,LOW,HIGH,ACCEPT,NONE
3,Ju+Si,Ga,GaPt32,Ga,1,0.013939889985058105,0.986060110014942,1,1,0.986060110014942,0.013939889985058018,{PD},1,LOW,HIGH,ACCEPT,NONE
3,Ju+Si,Ga,GaPt33,Ga,1,0.011592025266527837,0.9884079747334722,1,1,0.9884079747334722,0.011592025266527806,{PD},1,LOW,HIGH,ACCEPT,NONE
