sample_id,subject_id,recording_id,task,true_label,predicted_label,is_correct,e_HC,e_PD,alpha_HC,alpha_PD,P_HC,P_PD,uncertainty
ID10_hc_0_0_0.wav_chk0,ID10,ID10_hc_0_0_0.wav,ReadText,0,0,1,5.529819965362549,0.00016950444842223078,6.529819965362549,1.0001695156097412,0.8671752214431763,0.1328248232603073,0.2656046152114868
ID10_hc_0_0_0.wav_chk1,ID10,ID10_hc_0_0_0.wav,ReadText,0,1,0,3.687927567497251e-12,41.2557373046875,1.0,42.2557373046875,0.02311832085251808,0.9768816828727722,0.04623664170503616
ID10_hc_0_0_0.wav_chk0,ID10,ID10_hc_0_0_0.wav,ReadText,0,1,0,3.2150976759376393e-12,41.167579650878906,1.0,42.167579650878906,0.02316553331911564,0.9768344759941101,0.04633106663823128
ID10_hc_0_0_0.wav_chk1,ID10,ID10_hc_0_0_0.wav,ReadText,0,1,0,3.2233068211068305e-12,41.27591323852539,1.0,42.27591323852539,0.023107541725039482,0.9768924713134766,0.046215083450078964
ID10_hc_0_0_0.wav_chk0,ID10,ID10_hc_0_0_0.wav,ReadText,0,1,0,2.961796389741589e-12,41.53507995605469,1.0,42.53507995605469,0.022969981655478477,0.9770300388336182,0.045939963310956955
ID10_hc_0_0_0.wav_chk1,ID10,ID10_hc_0_0_0.wav,ReadText,0,1,0,4.5814875331007254e-12,40.263916015625,1.0,41.263916015625,0.023660846054553986,0.9763391613960266,0.04732169210910797
ID10_hc_0_0_0.wav_chk0,ID10,ID10_hc_0_0_0.wav,ReadText,0,1,0,3.032866058988448e-12,41.697662353515625,1.0,42.697662353515625,0.022884519770741463,0.9771154522895813,0.045769039541482925
ID10_hc_0_0_0.wav_chk1,ID10,ID10_hc_0_0_0.wav,ReadText,0,1,0,3.1004625949959674e-12,41.54866409301758,1.0,42.54866409301758,0.022962816059589386,0.9770371913909912,0.04592563211917877
ID10_hc_0_0_0.wav_chk0,ID10,ID10_hc_0_0_0.wav,ReadText,0,0,1,35.60636901855469,8.895241009434281e-15,36.60636901855469,1.0,0.9734087586402893,0.026591239497065544,0.05318247899413109
ID10_hc_0_0_0.wav_chk1,ID10,ID10_hc_0_0_0.wav,ReadText,0,1,0,3.4450419947318345e-12,40.93412399291992,1.0,41.93412399291992,0.02329149655997753,0.9767085313796997,0.04658299311995506
ID10_hc_0_0_0.wav_chk0,ID10,ID10_hc_0_0_0.wav,ReadText,0,1,0,2.880967166218884e-12,41.74223709106445,1.0,42.74223709106445,0.02286119945347309,0.9771388173103333,0.04572239890694618
ID10_hc_0_0_0.wav_chk1,ID10,ID10_hc_0_0_0.wav,ReadText,0,1,0,7.278067641891539e-05,17.816457748413086,1.0000728368759155,18.816457748413086,0.05046659708023071,0.9495334029197693,0.10092584043741226
ID10_hc_0_0_0.wav_chk0,ID10,ID10_hc_0_0_0.wav,ReadText,0,1,0,2.8902136760267094e-12,41.76557922363281,1.0,42.76557922363281,0.022849006578326225,0.9771509766578674,0.04569801315665245
ID10_hc_0_0_0.wav_chk1,ID10,ID10_hc_0_0_0.wav,ReadText,0,1,0,3.874628916322731e-12,40.41010284423828,1.0,41.41010284423828,0.02357928641140461,0.9764207005500793,0.04715857282280922
ID10_hc_0_0_0.wav_chk0,ID10,ID10_hc_0_0_0.wav,ReadText,0,1,0,3.243306881742236e-12,41.3987922668457,1.0,42.3987922668457,0.023042116314172745,0.9769578576087952,0.04608423262834549
ID10_hc_0_0_0.wav_chk1,ID10,ID10_hc_0_0_0.wav,ReadText,0,1,0,3.2721501289773025e-12,41.5441780090332,1.0,42.5441780090332,0.02296518348157406,0.9770348072052002,0.04593036696314812
ID10_hc_0_0_0.wav_chk0,ID10,ID10_hc_0_0_0.wav,ReadText,0,1,0,2.717238760385765e-12,41.91273498535156,1.0,42.91273498535156,0.02277243696153164,0.9772275686264038,0.04554487392306328
ID23_hc_0_0_0.wav_chk1,ID23,ID23_hc_0_0_0.wav,ReadText,0,0,1,1.348929524421692,0.1408519744873047,2.3489294052124023,1.1408519744873047,0.6730878353118896,0.32691216468811035,0.573101818561554
ID23_hc_0_0_0.wav_chk0,ID23,ID23_hc_0_0_0.wav,ReadText,0,1,0,4.2217188946092055e-12,40.33353805541992,1.0,41.33353805541992,0.0236219335347414,0.9763780832290649,0.0472438670694828
ID23_hc_0_0_0.wav_chk1,ID23,ID23_hc_0_0_0.wav,ReadText,0,0,1,35.141334533691406,1.0314094887951646e-14,36.141334533691406,1.0,0.973075807094574,0.02692417986690998,0.05384835973381996
ID23_hc_0_0_0.wav_chk0,ID23,ID23_hc_0_0_0.wav,ReadText,0,0,1,35.35316848754883,8.416608948962241e-15,36.35316848754883,1.0,0.9732285141944885,0.026771491393446922,0.053542982786893845
ID23_hc_0_0_0.wav_chk1,ID23,ID23_hc_0_0_0.wav,ReadText,0,1,0,4.613241733064655e-11,35.3487434387207,1.0,36.3487434387207,0.026774661615490913,0.9732253551483154,0.05354932323098183
ID23_hc_0_0_0.wav_chk0,ID23,ID23_hc_0_0_0.wav,ReadText,0,0,1,35.50553894042969,7.415996222876527e-15,36.50553894042969,1.0,0.9733372926712036,0.026662727817893028,0.053325455635786057
ID23_hc_0_0_0.wav_chk1,ID23,ID23_hc_0_0_0.wav,ReadText,0,0,1,23.460580825805664,1.9275636642390737e-09,24.460580825805664,1.0,0.9607235789299011,0.039276402443647385,0.07855280488729477
ID23_hc_0_0_0.wav_chk0,ID23,ID23_hc_0_0_0.wav,ReadText,0,0,1,35.58109664916992,6.806727965015351e-15,36.58109664916992,1.0,0.9733908772468567,0.02660912275314331,0.05321824550628662
ID23_hc_0_0_0.wav_chk1,ID23,ID23_hc_0_0_0.wav,ReadText,0,0,1,35.506282806396484,8.207380799562115e-15,36.506282806396484,1.0,0.9733378291130066,0.026662198826670647,0.05332439765334129
ID23_hc_0_0_0.wav_chk0,ID23,ID23_hc_0_0_0.wav,ReadText,0,0,1,34.87071228027344,1.167960093738504e-14,35.87071228027344,1.0,0.9728782176971436,0.02712179720401764,0.05424359440803528
ID23_hc_0_0_0.wav_chk1,ID23,ID23_hc_0_0_0.wav,ReadText,0,0,1,35.50162124633789,9.015282518719161e-15,36.50162124633789,1.0,0.9733344912528992,0.026665514335036278,0.053331028670072556
ID23_hc_0_0_0.wav_chk0,ID23,ID23_hc_0_0_0.wav,ReadText,0,0,1,35.46195983886719,8.949254606414794e-15,36.46195983886719,1.0,0.9733062386512756,0.026693744584918022,0.053387489169836044
ID23_hc_0_0_0.wav_chk1,ID23,ID23_hc_0_0_0.wav,ReadText,0,0,1,35.334571838378906,8.881745233485679e-15,36.334571838378906,1.0,0.9732151627540588,0.026784826070070267,0.05356965214014053
ID23_hc_0_0_0.wav_chk0,ID23,ID23_hc_0_0_0.wav,ReadText,0,0,1,35.70622634887695,4.21571770683549e-15,36.70622634887695,1.0,0.973479151725769,0.02652081847190857,0.05304163694381714
ID23_hc_0_0_0.wav_chk1,ID23,ID23_hc_0_0_0.wav,ReadText,0,0,1,35.76416015625,4.481073647452476e-15,36.76416015625,1.0,0.9735198616981506,0.026480132713913918,0.052960265427827835
ID23_hc_0_0_0.wav_chk0,ID23,ID23_hc_0_0_0.wav,ReadText,0,0,1,35.71778869628906,4.846008898931045e-15,36.71778869628906,1.0,0.9734873175621033,0.026512689888477325,0.05302537977695465
ID23_hc_0_0_0.wav_chk1,ID23,ID23_hc_0_0_0.wav,ReadText,0,0,1,35.76789855957031,4.793737648723035e-15,36.76789855957031,1.0,0.9735224843025208,0.02647751197218895,0.0529550239443779
ID23_hc_0_0_0.wav_chk0,ID23,ID23_hc_0_0_0.wav,ReadText,0,0,1,35.75985336303711,4.439574962267646e-15,36.75985336303711,1.0,0.9735168218612671,0.02648315392434597,0.05296630784869194
ID23_hc_0_0_0.wav_chk1,ID23,ID23_hc_0_0_0.wav,ReadText,0,0,1,16.3354434967041,9.618927379051456e-07,17.3354434967041,1.0000009536743164,0.9454607367515564,0.05453922227025032,0.10907834023237228
ID23_hc_0_0_0.wav_chk0,ID23,ID23_hc_0_0_0.wav,ReadText,0,0,1,35.69294357299805,4.6911475592504356e-15,36.69294357299805,1.0,0.9734698534011841,0.02653016522526741,0.05306033045053482
ID23_hc_0_0_0.wav_chk1,ID23,ID23_hc_0_0_0.wav,ReadText,0,0,1,34.888397216796875,1.7363067499618148e-14,35.888397216796875,1.0,0.9728912115097046,0.027108795940876007,0.054217591881752014
ID23_hc_0_0_0.wav_chk0,ID23,ID23_hc_0_0_0.wav,ReadText,0,0,1,35.76556396484375,5.0856501898188106e-15,36.76556396484375,1.0,0.9735208749771118,0.026479149237275124,0.05295829847455025
ID23_hc_0_0_0.wav_chk1,ID23,ID23_hc_0_0_0.wav,ReadText,0,0,1,35.83361053466797,4.4649999267289044e-15,36.83361053466797,1.0,0.9735684990882874,0.026431525126099586,0.05286305025219917
ID23_hc_0_0_0.wav_chk0,ID23,ID23_hc_0_0_0.wav,ReadText,0,0,1,35.78468704223633,4.87283231478822e-15,36.78468704223633,1.0,0.9735342264175415,0.026465747505426407,0.052931495010852814
ID23_hc_0_0_0.wav_chk1,ID23,ID23_hc_0_0_0.wav,ReadText,0,0,1,35.68488693237305,5.6815747141454164e-15,36.68488693237305,1.0,0.9734641909599304,0.02653583697974682,0.05307167395949364
ID23_hc_0_0_0.wav_chk0,ID23,ID23_hc_0_0_0.wav,ReadText,0,0,1,35.74047088623047,5.437240437213388e-15,36.74047088623047,1.0,0.9735032320022583,0.026496754959225655,0.05299350991845131
ID35_hc_0_0_0.wav_chk1,ID35,ID35_hc_0_0_0.wav,ReadText,0,1,0,0.036533910781145096,5.236916542053223,1.0365339517593384,6.236916542053223,0.14250925183296204,0.8574907779693604,0.2749726474285126
ID35_hc_0_0_0.wav_chk0,ID35,ID35_hc_0_0_0.wav,ReadText,0,0,1,9.677258491516113,2.2743558929505525e-06,10.677258491516113,1.0000022649765015,0.9143633246421814,0.08563672006130219,0.17127305269241333
ID35_hc_0_0_0.wav_chk1,ID35,ID35_hc_0_0_0.wav,ReadText,0,0,1,21.051565170288086,5.323924981426309e-11,22.051565170288086,1.0,0.9566190242767334,0.04338100180029869,0.08676200360059738
ID35_hc_0_0_0.wav_chk0,ID35,ID35_hc_0_0_0.wav,ReadText,0,0,1,35.718109130859375,4.874672917382604e-15,36.718109130859375,1.0,0.9734875559806824,0.02651246450841427,0.05302492901682854
ID35_hc_0_0_0.wav_chk1,ID35,ID35_hc_0_0_0.wav,ReadText,0,1,0,2.322896866177593e-12,42.216514587402344,1.0,43.216514587402344,0.022615984082221985,0.9773840308189392,0.04523196816444397
ID35_hc_0_0_0.wav_chk0,ID35,ID35_hc_0_0_0.wav,ReadText,0,1,0,2.5809113960578722e-12,41.83380889892578,1.0,42.83380889892578,0.02281344123184681,0.9771865606307983,0.04562688246369362
ID35_hc_0_0_0.wav_chk1,ID35,ID35_hc_0_0_0.wav,ReadText,0,1,0,2.803370166212793e-12,41.671024322509766,1.0,42.671024322509766,0.0228984784334898,0.9771015048027039,0.0457969568669796
ID35_hc_0_0_0.wav_chk0,ID35,ID35_hc_0_0_0.wav,ReadText,0,1,0,3.4515864558853915e-12,41.15753173828125,1.0,42.15753173828125,0.023170925676822662,0.9768290519714355,0.046341851353645325
ID35_hc_0_0_0.wav_chk1,ID35,ID35_hc_0_0_0.wav,ReadText,0,0,1,31.876195907592773,3.138157594027857e-13,32.876197814941406,1.0,0.970480740070343,0.029519250616431236,0.05903850123286247
ID35_hc_0_0_0.wav_chk0,ID35,ID35_hc_0_0_0.wav,ReadText,0,1,0,2.833561857373823e-11,37.50879669189453,1.0,38.50879669189453,0.02531081810593605,0.9746891856193542,0.0506216362118721
ID35_hc_0_0_0.wav_chk1,ID35,ID35_hc_0_0_0.wav,ReadText,0,0,1,35.83750915527344,5.244124548535933e-15,36.83750915527344,1.0,0.9735711812973022,0.02642880007624626,0.05285760015249252
ID35_hc_0_0_0.wav_chk0,ID35,ID35_hc_0_0_0.wav,ReadText,0,0,1,35.83871078491211,5.115595345603092e-15,36.83871078491211,1.0,0.9735720157623291,0.026427961885929108,0.052855923771858215
ID04_pd_2_0_1.wav_chk1,ID04,ID04_pd_2_0_1.wav,ReadText,1,0,0,8.593660354614258,3.254341208958067e-06,9.593660354614258,1.0000032186508179,0.9056036472320557,0.09439636021852493,0.18879210948944092
ID04_pd_2_0_1.wav_chk0,ID04,ID04_pd_2_0_1.wav,ReadText,1,0,0,14.14228630065918,9.920913868199932e-08,15.14228630065918,1.0000001192092896,0.9380509257316589,0.061949100345373154,0.12389818578958511
ID04_pd_2_0_1.wav_chk1,ID04,ID04_pd_2_0_1.wav,ReadText,1,0,0,31.562036514282227,2.2005038850109182e-12,32.562034606933594,1.0,0.9702044129371643,0.0297955721616745,0.059591144323349
ID04_pd_2_0_1.wav_chk0,ID04,ID04_pd_2_0_1.wav,ReadText,1,1,1,2.8549237626740442e-12,41.825157165527344,1.0,42.825157165527344,0.02281794510781765,0.9771820306777954,0.0456358902156353
ID04_pd_2_0_1.wav_chk1,ID04,ID04_pd_2_0_1.wav,ReadText,1,1,1,2.7185764490261777e-12,42.123722076416016,1.0,43.123722076416016,0.022663546726107597,0.9773364663124084,0.045327093452215195
ID04_pd_2_0_1.wav_chk0,ID04,ID04_pd_2_0_1.wav,ReadText,1,1,1,3.018174035349097e-12,42.01786422729492,1.0,43.01786422729492,0.022718049585819244,0.977281928062439,0.04543609917163849
ID04_pd_2_0_1.wav_chk1,ID04,ID04_pd_2_0_1.wav,ReadText,1,1,1,2.7234341084397817e-12,42.171958923339844,1.0,43.171958923339844,0.022638795897364616,0.9773612022399902,0.04527759179472923
ID04_pd_2_0_1.wav_chk0,ID04,ID04_pd_2_0_1.wav,ReadText,1,1,1,2.9737967730675274e-12,42.017452239990234,1.0,43.017452239990234,0.022718261927366257,0.9772817492485046,0.04543652385473251
ID04_pd_2_0_1.wav_chk1,ID04,ID04_pd_2_0_1.wav,ReadText,1,1,1,2.9150993684917692e-12,42.00077819824219,1.0,43.00077819824219,0.022726871073246002,0.9772731065750122,0.045453742146492004
ID04_pd_2_0_1.wav_chk0,ID04,ID04_pd_2_0_1.wav,ReadText,1,1,1,2.998412716032073e-12,42.00392150878906,1.0,43.00392150878906,0.022725246846675873,0.9772747755050659,0.045450493693351746
ID04_pd_2_0_1.wav_chk1,ID04,ID04_pd_2_0_1.wav,ReadText,1,1,1,2.73505306944144e-12,42.253108978271484,1.0,43.253108978271484,0.022597283124923706,0.9774027466773987,0.04519456624984741
ID04_pd_2_0_1.wav_chk0,ID04,ID04_pd_2_0_1.wav,ReadText,1,1,1,2.4167668734309533e-12,42.41346740722656,1.0,43.41346740722656,0.022515693679451942,0.9774842858314514,0.045031387358903885
ID04_pd_2_0_1.wav_chk1,ID04,ID04_pd_2_0_1.wav,ReadText,1,1,1,2.584206936981359e-12,42.22003936767578,1.0,43.22003936767578,0.02261418104171753,0.9773858189582825,0.04522836208343506
ID04_pd_2_0_1.wav_chk0,ID04,ID04_pd_2_0_1.wav,ReadText,1,1,1,2.705834905095128e-12,42.15434265136719,1.0,43.15434265136719,0.022647829726338387,0.9773521423339844,0.04529565945267677
ID04_pd_2_0_1.wav_chk1,ID04,ID04_pd_2_0_1.wav,ReadText,1,1,1,2.571163334325055e-12,42.277809143066406,1.0,43.277809143066406,0.02258467674255371,0.9774153232574463,0.04516935348510742
ID04_pd_2_0_1.wav_chk0,ID04,ID04_pd_2_0_1.wav,ReadText,1,1,1,2.5918284445730633e-12,42.304161071777344,1.0,43.304161071777344,0.022571243345737457,0.9774287343025208,0.045142486691474915
ID13_pd_3_2_2.wav_chk1,ID13,ID13_pd_3_2_2.wav,ReadText,1,0,0,5.279001235961914,0.0010903578950092196,6.279001235961914,1.001090407371521,0.8624892830848694,0.13751068711280823,0.27472180128097534
ID13_pd_3_2_2.wav_chk0,ID13,ID13_pd_3_2_2.wav,ReadText,1,0,0,12.529519081115723,7.75807649233684e-08,13.529519081115723,1.0000001192092896,0.9311745762825012,0.06882540881633759,0.13765080273151398
ID13_pd_3_2_2.wav_chk1,ID13,ID13_pd_3_2_2.wav,ReadText,1,0,0,18.45827865600586,6.203975111418458e-10,19.45827865600586,1.0,0.9511200189590454,0.048879966139793396,0.09775993227958679
ID13_pd_3_2_2.wav_chk0,ID13,ID13_pd_3_2_2.wav,ReadText,1,1,1,1.2547478434044024e-07,23.28386878967285,1.0000001192092896,24.28386878967285,0.039550915360450745,0.9604490995407104,0.0791018158197403
ID13_pd_3_2_2.wav_chk1,ID13,ID13_pd_3_2_2.wav,ReadText,1,1,1,8.780059346236158e-08,26.261972427368164,1.0000001192092896,27.261972427368164,0.03538323938846588,0.9646167755126953,0.07076647132635117
ID13_pd_3_2_2.wav_chk0,ID13,ID13_pd_3_2_2.wav,ReadText,1,1,1,1.5186475341155692e-11,37.100196838378906,1.0,38.100196838378906,0.025575319305062294,0.9744246602058411,0.05115063861012459
ID13_pd_3_2_2.wav_chk1,ID13,ID13_pd_3_2_2.wav,ReadText,1,0,0,34.2501220703125,4.7427553285508614e-14,35.2501220703125,1.0,0.9724138975143433,0.027586113661527634,0.05517222732305527
ID13_pd_3_2_2.wav_chk0,ID13,ID13_pd_3_2_2.wav,ReadText,1,0,0,31.67888069152832,5.407501161257267e-13,32.67887878417969,1.0,0.9703078269958496,0.02969219908118248,0.05938439816236496
ID13_pd_3_2_2.wav_chk1,ID13,ID13_pd_3_2_2.wav,ReadText,1,0,0,30.805082321166992,5.183735927484501e-13,31.805082321166992,1.0,0.9695168733596802,0.030483080074191093,0.06096616014838219
ID13_pd_3_2_2.wav_chk0,ID13,ID13_pd_3_2_2.wav,ReadText,1,0,0,34.6448974609375,5.046419435350254e-15,35.6448974609375,1.0,0.9727110862731934,0.027288928627967834,0.05457785725593567
ID13_pd_3_2_2.wav_chk1,ID13,ID13_pd_3_2_2.wav,ReadText,1,0,0,35.20669174194336,4.541581022523113e-15,36.20669174194336,1.0,0.9731231331825256,0.026876885443925858,0.053753770887851715
ID13_pd_3_2_2.wav_chk0,ID13,ID13_pd_3_2_2.wav,ReadText,1,0,0,35.365596771240234,3.591274853724253e-15,36.365596771240234,1.0,0.9732373952865601,0.02676258608698845,0.0535251721739769
ID29_pd_3_1_2.wav_chk1,ID29,ID29_pd_3_1_2.wav,ReadText,1,0,0,7.206311225891113,3.1802359444554895e-05,8.206311225891113,1.00003182888031,0.8913758397102356,0.10862422734498978,0.21724152565002441
ID29_pd_3_1_2.wav_chk0,ID29,ID29_pd_3_1_2.wav,ReadText,1,0,0,22.20660400390625,1.584432411660952e-11,23.20660400390625,1.0,0.9586889743804932,0.04131104052066803,0.08262208104133606
ID29_pd_3_1_2.wav_chk1,ID29,ID29_pd_3_1_2.wav,ReadText,1,1,1,3.268794089572591e-12,41.89967346191406,1.0,42.89967346191406,0.02277921326458454,0.9772207736968994,0.04555842652916908
ID29_pd_3_1_2.wav_chk0,ID29,ID29_pd_3_1_2.wav,ReadText,1,1,1,2.132602037671627e-12,42.45708084106445,1.0,43.45708084106445,0.022493604570627213,0.9775063991546631,0.044987209141254425
ID29_pd_3_1_2.wav_chk1,ID29,ID29_pd_3_1_2.wav,ReadText,1,1,1,2.1230968372254466e-12,42.43967056274414,1.0,43.43967056274414,0.022502416744828224,0.9774975776672363,0.04500483348965645
ID29_pd_3_1_2.wav_chk0,ID29,ID29_pd_3_1_2.wav,ReadText,1,1,1,2.1484882015837536e-12,42.42124557495117,1.0,43.42124557495117,0.02251175045967102,0.9774882197380066,0.04502350091934204
ID29_pd_3_1_2.wav_chk1,ID29,ID29_pd_3_1_2.wav,ReadText,1,1,1,2.140609954917605e-12,42.47233963012695,1.0,43.47233963012695,0.02248588763177395,0.9775140881538391,0.0449717752635479
ID29_pd_3_1_2.wav_chk0,ID29,ID29_pd_3_1_2.wav,ReadText,1,1,1,2.1275561607608795e-12,42.532325744628906,1.0,43.532325744628906,0.022455597296357155,0.9775444269180298,0.04491119459271431
ID29_pd_3_1_2.wav_chk1,ID29,ID29_pd_3_1_2.wav,ReadText,1,1,1,2.1803624444122205e-12,42.218021392822266,1.0,43.218021392822266,0.022615212947130203,0.9773848056793213,0.045230425894260406
ID29_pd_3_1_2.wav_chk0,ID29,ID29_pd_3_1_2.wav,ReadText,1,1,1,1.2178452690747577e-10,35.020050048828125,1.0,36.020050048828125,0.02701238915324211,0.9729875922203064,0.05402477830648422
ID29_pd_3_1_2.wav_chk1,ID29,ID29_pd_3_1_2.wav,ReadText,1,1,1,2.0785805802253643e-12,42.395503997802734,1.0,43.395503997802734,0.02252480387687683,0.9774752259254456,0.04504960775375366
ID29_pd_3_1_2.wav_chk0,ID29,ID29_pd_3_1_2.wav,ReadText,1,1,1,2.075308458068803e-12,42.44017028808594,1.0,43.44017028808594,0.02250216342508793,0.9774978160858154,0.04500432685017586
ID29_pd_3_1_2.wav_chk1,ID29,ID29_pd_3_1_2.wav,ReadText,1,1,1,2.0689452755184856e-12,42.358787536621094,1.0,43.358787536621094,0.022543447092175484,0.9774565696716309,0.04508689418435097
ID29_pd_3_1_2.wav_chk0,ID29,ID29_pd_3_1_2.wav,ReadText,1,1,1,2.3407046700202327e-12,42.39191818237305,1.0,43.39191818237305,0.02252662368118763,0.9774733781814575,0.04505324736237526
ID29_pd_3_1_2.wav_chk1,ID29,ID29_pd_3_1_2.wav,ReadText,1,1,1,2.406082277861543e-12,42.477359771728516,1.0,43.477359771728516,0.022483348846435547,0.9775166511535645,0.044966697692871094
ID29_pd_3_1_2.wav_chk0,ID29,ID29_pd_3_1_2.wav,ReadText,1,1,1,2.2292133416979e-12,42.50267028808594,1.0,43.50267028808594,0.022470561787486076,0.9775294661521912,0.04494112357497215
ID29_pd_3_1_2.wav_chk1,ID29,ID29_pd_3_1_2.wav,ReadText,1,1,1,2.1375989086441782e-12,42.428260803222656,1.0,43.428260803222656,0.022508196532726288,0.9774917960166931,0.045016393065452576
ID29_pd_3_1_2.wav_chk0,ID29,ID29_pd_3_1_2.wav,ReadText,1,1,1,2.1279863721829217e-12,42.433380126953125,1.0,43.433380126953125,0.02250560186803341,0.9774944186210632,0.04501120373606682
ID29_pd_3_1_2.wav_chk1,ID29,ID29_pd_3_1_2.wav,ReadText,1,1,1,2.258779751782014e-12,42.313392639160156,1.0,43.313392639160156,0.0225665420293808,0.977433443069458,0.0451330840587616
ID29_pd_3_1_2.wav_chk0,ID29,ID29_pd_3_1_2.wav,ReadText,1,1,1,2.245549015830739e-12,42.39393615722656,1.0,43.39393615722656,0.022525599226355553,0.9774743914604187,0.045051198452711105
ID10_hc_0_0_0.wav_chk1,ID10,ID10_hc_0_0_0.wav,SpontaneousDialogue,0,0,1,3.897937774658203,0.011325779370963573,4.897937774658203,1.0113258361816406,0.8288575410842896,0.17114244401454926,0.33845165371894836
ID10_hc_0_0_0.wav_chk0,ID10,ID10_hc_0_0_0.wav,SpontaneousDialogue,0,0,1,5.128172397613525,0.0007448208052664995,6.128172397613525,1.0007448196411133,0.8596217632293701,0.14037823677062988,0.28054749965667725
ID10_hc_0_0_0.wav_chk1,ID10,ID10_hc_0_0_0.wav,SpontaneousDialogue,0,0,1,33.34716033935547,8.881004926689778e-14,34.34716033935547,1.0,0.9717091917991638,0.02829081565141678,0.05658163130283356
ID10_hc_0_0_0.wav_chk0,ID10,ID10_hc_0_0_0.wav,SpontaneousDialogue,0,1,0,6.539412240880171e-12,39.242183685302734,1.0,40.242183685302734,0.02424701862037182,0.9757530093193054,0.04849403724074364
ID10_hc_0_0_0.wav_chk1,ID10,ID10_hc_0_0_0.wav,SpontaneousDialogue,0,1,0,4.088289188075578e-06,20.754228591918945,1.0000040531158447,21.754228591918945,0.04394804686307907,0.9560519456863403,0.08789573609828949
ID10_hc_0_0_0.wav_chk0,ID10,ID10_hc_0_0_0.wav,SpontaneousDialogue,0,1,0,1.824816964202114e-09,30.310354232788086,1.0,31.310354232788086,0.030949829146265984,0.9690501093864441,0.06189965829253197
ID10_hc_0_0_0.wav_chk1,ID10,ID10_hc_0_0_0.wav,SpontaneousDialogue,0,1,0,0.42831411957740784,0.8472897410392761,1.4283140897750854,1.847289800643921,0.4360460638999939,0.5639539957046509,0.61057448387146
ID10_hc_0_0_0.wav_chk0,ID10,ID10_hc_0_0_0.wav,SpontaneousDialogue,0,0,1,34.993499755859375,2.849154899097102e-14,35.993499755859375,1.0,0.9729682207107544,0.027031775563955307,0.054063551127910614
ID10_hc_0_0_0.wav_chk1,ID10,ID10_hc_0_0_0.wav,SpontaneousDialogue,0,0,1,32.43324279785156,1.3224540820061526e-12,33.43324279785156,1.0,0.9709582924842834,0.029041701927781105,0.05808340385556221
ID10_hc_0_0_0.wav_chk0,ID10,ID10_hc_0_0_0.wav,SpontaneousDialogue,0,0,1,34.33960723876953,8.411076468563955e-14,35.33960723876953,1.0,0.9724817872047424,0.02751818485558033,0.05503636971116066
ID10_hc_0_0_0.wav_chk1,ID10,ID10_hc_0_0_0.wav,SpontaneousDialogue,0,1,0,3.0258458499216045e-12,41.0218620300293,1.0,42.0218620300293,0.023243995383381844,0.9767559766769409,0.04648799076676369
ID10_hc_0_0_0.wav_chk0,ID10,ID10_hc_0_0_0.wav,SpontaneousDialogue,0,0,1,35.194087982177734,1.8742752033555632e-14,36.194087982177734,1.0,0.973114013671875,0.026885993778705597,0.053771987557411194
ID10_hc_0_0_0.wav_chk1,ID10,ID10_hc_0_0_0.wav,SpontaneousDialogue,0,0,1,35.0303955078125,2.553264606577725e-14,36.0303955078125,1.0,0.9729951620101929,0.027004841715097427,0.054009683430194855
ID10_hc_0_0_0.wav_chk0,ID10,ID10_hc_0_0_0.wav,SpontaneousDialogue,0,0,1,24.040815353393555,9.772190001644532e-12,25.040815353393555,1.0,0.9615987539291382,0.03840125352144241,0.07680250704288483
ID10_hc_0_0_0.wav_chk1,ID10,ID10_hc_0_0_0.wav,SpontaneousDialogue,0,0,1,32.73740005493164,6.173107679327203e-14,33.73740005493164,1.0,0.9712125658988953,0.028787415474653244,0.05757483094930649
ID10_hc_0_0_0.wav_chk0,ID10,ID10_hc_0_0_0.wav,SpontaneousDialogue,0,1,0,3.2214630268923017e-12,41.0506477355957,1.0,42.0506477355957,0.02322845347225666,0.9767715334892273,0.04645690694451332
ID10_hc_0_0_0.wav_chk1,ID10,ID10_hc_0_0_0.wav,SpontaneousDialogue,0,1,0,2.8209043174270976e-12,41.28719711303711,1.0,42.28719711303711,0.02310151793062687,0.9768984913825989,0.04620303586125374
ID10_hc_0_0_0.wav_chk0,ID10,ID10_hc_0_0_0.wav,SpontaneousDialogue,0,1,0,2.2819361678028116e-10,33.12382888793945,1.0,34.12382888793945,0.028470700606703758,0.9715293049812317,0.056941401213407516
ID10_hc_0_0_0.wav_chk1,ID10,ID10_hc_0_0_0.wav,SpontaneousDialogue,0,1,0,3.312390163046075e-06,21.005023956298828,1.0000033378601074,22.005023956298828,0.0434689037501812,0.9565310478210449,0.08693751692771912
ID10_hc_0_0_0.wav_chk0,ID10,ID10_hc_0_0_0.wav,SpontaneousDialogue,0,0,1,35.60857391357422,8.833527882963228e-15,36.60857391357422,1.0,0.9734103083610535,0.026589682325720787,0.053179364651441574
ID10_hc_0_0_0.wav_chk1,ID10,ID10_hc_0_0_0.wav,SpontaneousDialogue,0,0,1,34.94108581542969,8.577604501246866e-15,35.94108581542969,1.0,0.9729298949241638,0.02707012929022312,0.05414025858044624
ID23_hc_0_0_0.wav_chk0,ID23,ID23_hc_0_0_0.wav,SpontaneousDialogue,0,0,1,6.033828258514404,0.00016321374278049916,7.033828258514404,1.000163197517395,0.8755084872245789,0.12449143826961517,0.24894225597381592
ID23_hc_0_0_0.wav_chk1,ID23,ID23_hc_0_0_0.wav,SpontaneousDialogue,0,0,1,2.755770206451416,0.008811666630208492,3.755770206451416,1.0088117122650146,0.7882686257362366,0.2117314338684082,0.41976404190063477
ID23_hc_0_0_0.wav_chk0,ID23,ID23_hc_0_0_0.wav,SpontaneousDialogue,0,0,1,35.024513244628906,2.2508209895520312e-14,36.024513244628906,1.0,0.972990870475769,0.027009133249521255,0.05401826649904251
ID23_hc_0_0_0.wav_chk1,ID23,ID23_hc_0_0_0.wav,SpontaneousDialogue,0,0,1,35.738651275634766,4.354453233266272e-15,36.738651275634766,1.0,0.973501980304718,0.026498032733798027,0.052996065467596054
ID23_hc_0_0_0.wav_chk0,ID23,ID23_hc_0_0_0.wav,SpontaneousDialogue,0,0,1,35.907142639160156,4.1199936664333345e-15,36.907142639160156,1.0,0.9736197590827942,0.026380252093076706,0.05276050418615341
ID23_hc_0_0_0.wav_chk1,ID23,ID23_hc_0_0_0.wav,SpontaneousDialogue,0,0,1,35.65697479248047,6.789560724756874e-15,36.65697479248047,1.0,0.9734445214271545,0.026555504649877548,0.053111009299755096
ID23_hc_0_0_0.wav_chk0,ID23,ID23_hc_0_0_0.wav,SpontaneousDialogue,0,0,1,35.659671783447266,6.246299626892857e-15,36.659671783447266,1.0,0.9734463691711426,0.026553602889180183,0.05310720577836037
ID23_hc_0_0_0.wav_chk1,ID23,ID23_hc_0_0_0.wav,SpontaneousDialogue,0,0,1,30.081214904785156,1.0059068378601155e-12,31.081214904785156,1.0,0.9688290953636169,0.031170889735221863,0.062341779470443726
ID23_hc_0_0_0.wav_chk0,ID23,ID23_hc_0_0_0.wav,SpontaneousDialogue,0,0,1,35.473445892333984,8.407464381263684e-15,36.473445892333984,1.0,0.9733144640922546,0.0266855638474226,0.0533711276948452
ID23_hc_0_0_0.wav_chk1,ID23,ID23_hc_0_0_0.wav,SpontaneousDialogue,0,0,1,4.523738861083984,0.0009071628446690738,5.523738861083984,1.0009071826934814,0.8465959429740906,0.15340405702590942,0.30653005838394165
ID23_hc_0_0_0.wav_chk0,ID23,ID23_hc_0_0_0.wav,SpontaneousDialogue,0,1,0,3.0634936861589912e-12,41.60388946533203,1.0,42.60388946533203,0.022933734580874443,0.9770662784576416,0.045867469161748886
ID23_hc_0_0_0.wav_chk1,ID23,ID23_hc_0_0_0.wav,SpontaneousDialogue,0,1,0,5.317741906540885e-12,40.11539077758789,1.0,41.11539077758789,0.023744288831949234,0.9762557148933411,0.04748857766389847
ID23_hc_0_0_0.wav_chk0,ID23,ID23_hc_0_0_0.wav,SpontaneousDialogue,0,0,1,35.46512222290039,9.11706453876008e-15,36.46512222290039,1.0,0.9733085036277771,0.026691492646932602,0.053382985293865204
ID23_hc_0_0_0.wav_chk1,ID23,ID23_hc_0_0_0.wav,SpontaneousDialogue,0,0,1,33.12425231933594,2.62195863978687e-13,34.12425231933594,1.0,0.9715296626091003,0.02847035601735115,0.0569407120347023
ID23_hc_0_0_0.wav_chk0,ID23,ID23_hc_0_0_0.wav,SpontaneousDialogue,0,1,0,2.83400906908593e-12,41.140254974365234,1.0,42.140254974365234,0.02318020537495613,0.9768198132514954,0.04636041074991226
ID23_hc_0_0_0.wav_chk1,ID23,ID23_hc_0_0_0.wav,SpontaneousDialogue,0,0,1,34.226139068603516,5.48420663536945e-14,35.226139068603516,1.0,0.9723955988883972,0.027604376897215843,0.055208753794431686
ID23_hc_0_0_0.wav_chk0,ID23,ID23_hc_0_0_0.wav,SpontaneousDialogue,0,0,1,34.69533157348633,3.5536776022944763e-14,35.69533157348633,1.0,0.9727485775947571,0.02725142240524292,0.05450284481048584
ID23_hc_0_0_0.wav_chk1,ID23,ID23_hc_0_0_0.wav,SpontaneousDialogue,0,0,1,22.65129280090332,2.9103580656553163e-10,23.65129280090332,1.0,0.9594341516494751,0.04056582227349281,0.08113164454698563
ID35_hc_0_0_0.wav_chk0,ID35,ID35_hc_0_0_0.wav,SpontaneousDialogue,0,0,1,4.006684303283691,0.0023835201282054186,5.006684303283691,1.0023834705352783,0.8331882357597351,0.16681182384490967,0.3328303396701813
ID35_hc_0_0_0.wav_chk1,ID35,ID35_hc_0_0_0.wav,SpontaneousDialogue,0,0,1,10.450577735900879,5.038610311203229e-07,11.450577735900879,1.0000004768371582,0.9196823835372925,0.08031758666038513,0.1606350988149643
ID35_hc_0_0_0.wav_chk0,ID35,ID35_hc_0_0_0.wav,SpontaneousDialogue,0,0,1,18.452259063720703,2.1902930857908842e-10,19.452259063720703,1.0,0.9511056542396545,0.048894353210926056,0.09778870642185211
ID35_hc_0_0_0.wav_chk1,ID35,ID35_hc_0_0_0.wav,SpontaneousDialogue,0,1,0,2.810453259005641e-12,42.228546142578125,1.0,43.228546142578125,0.022609831765294075,0.9773901700973511,0.04521966353058815
ID35_hc_0_0_0.wav_chk0,ID35,ID35_hc_0_0_0.wav,SpontaneousDialogue,0,0,1,7.460966110229492,3.8997568481136113e-05,8.460966110229492,1.000038981437683,0.8942988514900208,0.10570113360881805,0.2113940268754959
ID35_hc_0_0_0.wav_chk1,ID35,ID35_hc_0_0_0.wav,SpontaneousDialogue,0,0,1,15.997297286987305,2.0134925762249622e-06,16.997297286987305,1.0000020265579224,0.9444360136985779,0.05556400492787361,0.11112778633832932
ID35_hc_0_0_0.wav_chk0,ID35,ID35_hc_0_0_0.wav,SpontaneousDialogue,0,1,0,4.831885759559729e-12,40.891963958740234,1.0,41.891963958740234,0.02331439033150673,0.9766855835914612,0.04662878066301346
ID35_hc_0_0_0.wav_chk1,ID35,ID35_hc_0_0_0.wav,SpontaneousDialogue,0,0,1,10.581488609313965,5.143537578078394e-07,11.581488609313965,1.0000004768371582,0.9205181002616882,0.07948188483715057,0.15896369516849518
ID35_hc_0_0_0.wav_chk0,ID35,ID35_hc_0_0_0.wav,SpontaneousDialogue,0,0,1,34.033851623535156,3.8399581366206637e-14,35.033851623535156,1.0,0.9722483158111572,0.027751682326197624,0.05550336465239525
ID35_hc_0_0_0.wav_chk1,ID35,ID35_hc_0_0_0.wav,SpontaneousDialogue,0,0,1,21.733898162841797,2.0208881443273263e-11,22.733898162841797,1.0,0.9578661918640137,0.04213383048772812,0.08426766097545624
ID35_hc_0_0_0.wav_chk0,ID35,ID35_hc_0_0_0.wav,SpontaneousDialogue,0,1,0,3.2244753742083354e-12,41.73463439941406,1.0,42.73463439941406,0.02286517433822155,0.9771348237991333,0.0457303486764431
ID35_hc_0_0_0.wav_chk1,ID35,ID35_hc_0_0_0.wav,SpontaneousDialogue,0,1,0,3.3766372944249445e-12,41.783939361572266,1.0,42.783939361572266,0.02283942513167858,0.9771605730056763,0.04567885026335716
ID35_hc_0_0_0.wav_chk0,ID35,ID35_hc_0_0_0.wav,SpontaneousDialogue,0,0,1,6.8376665115356445,0.0003897894057445228,7.8376665115356445,1.000389814376831,0.8868088126182556,0.1131911501288414,0.22629410028457642
ID35_hc_0_0_0.wav_chk1,ID35,ID35_hc_0_0_0.wav,SpontaneousDialogue,0,0,1,14.422894477844238,1.876955906254807e-07,15.422894477844238,1.000000238418579,0.9391093254089355,0.060890618711709976,0.12178120762109756
ID35_hc_0_0_0.wav_chk0,ID35,ID35_hc_0_0_0.wav,SpontaneousDialogue,0,1,0,7.548440171534221e-12,40.82076644897461,1.0,41.82076644897461,0.023353155702352524,0.9766468405723572,0.04670631140470505
ID35_hc_0_0_0.wav_chk1,ID35,ID35_hc_0_0_0.wav,SpontaneousDialogue,0,0,1,18.120410919189453,3.484686317278829e-09,19.120410919189453,1.0,0.9502992033958435,0.0497007742524147,0.0994015485048294
ID35_hc_0_0_0.wav_chk0,ID35,ID35_hc_0_0_0.wav,SpontaneousDialogue,0,0,1,20.55118179321289,1.3408389676339283e-10,21.55118179321289,1.0,0.9556564092636108,0.044343575835227966,0.08868715167045593
ID35_hc_0_0_0.wav_chk1,ID35,ID35_hc_0_0_0.wav,SpontaneousDialogue,0,0,1,22.602521896362305,9.920099464100218e-12,23.602521896362305,1.0,0.9593537449836731,0.04064624011516571,0.08129248023033142
ID35_hc_0_0_0.wav_chk0,ID35,ID35_hc_0_0_0.wav,SpontaneousDialogue,0,0,1,22.13601303100586,1.3461272894976783e-11,23.13601303100586,1.0,0.9585681557655334,0.041431862860918045,0.08286372572183609
ID04_pd_2_0_1.wav_chk1,ID04,ID04_pd_2_0_1.wav,SpontaneousDialogue,1,1,1,0.006545998156070709,5.812725067138672,1.0065460205078125,6.812725067138672,0.1287263184785843,0.8712736964225769,0.25577831268310547
ID04_pd_2_0_1.wav_chk0,ID04,ID04_pd_2_0_1.wav,SpontaneousDialogue,1,1,1,0.010173019953072071,7.973968505859375,1.010172963142395,8.973968505859375,0.10117775201797485,0.8988222479820251,0.20031768083572388
ID04_pd_2_0_1.wav_chk1,ID04,ID04_pd_2_0_1.wav,SpontaneousDialogue,1,0,0,34.90631103515625,9.440981796251385e-15,35.90631103515625,1.0,0.9729043841362,0.02709563635289669,0.05419127270579338
ID04_pd_2_0_1.wav_chk0,ID04,ID04_pd_2_0_1.wav,SpontaneousDialogue,1,1,1,3.193170120679989e-12,41.693138122558594,1.0,42.693138122558594,0.022886889055371284,0.9771131277084351,0.04577377811074257
ID04_pd_2_0_1.wav_chk1,ID04,ID04_pd_2_0_1.wav,SpontaneousDialogue,1,1,1,3.0654049177486486e-12,41.84319305419922,1.0,42.84319305419922,0.022808557376265526,0.9771914482116699,0.04561711475253105
ID04_pd_2_0_1.wav_chk0,ID04,ID04_pd_2_0_1.wav,SpontaneousDialogue,1,1,1,1.3471580795343385e-10,33.89104461669922,1.0,34.89104461669922,0.027862103655934334,0.9721378684043884,0.05572420731186867
ID04_pd_2_0_1.wav_chk1,ID04,ID04_pd_2_0_1.wav,SpontaneousDialogue,1,0,0,29.868919372558594,1.7400405389559476e-13,30.868919372558594,1.0,0.9686214923858643,0.03137853369116783,0.06275706738233566
ID04_pd_2_0_1.wav_chk0,ID04,ID04_pd_2_0_1.wav,SpontaneousDialogue,1,1,1,2.8710330553932684e-12,41.878074645996094,1.0,42.878074645996094,0.02279042638838291,0.9772095680236816,0.04558085277676582
ID04_pd_2_0_1.wav_chk1,ID04,ID04_pd_2_0_1.wav,SpontaneousDialogue,1,1,1,2.635653414267969e-12,42.10307693481445,1.0,43.10307693481445,0.022674154490232468,0.9773258566856384,0.045348308980464935
ID04_pd_2_0_1.wav_chk0,ID04,ID04_pd_2_0_1.wav,SpontaneousDialogue,1,1,1,2.8793794605574963e-12,41.77043151855469,1.0,42.77043151855469,0.02284647338092327,0.9771535396575928,0.04569294676184654
ID04_pd_2_0_1.wav_chk1,ID04,ID04_pd_2_0_1.wav,SpontaneousDialogue,1,1,1,2.543860955217525e-12,42.12175369262695,1.0,43.12175369262695,0.02266455627977848,0.9773354530334473,0.04532911255955696
ID04_pd_2_0_1.wav_chk0,ID04,ID04_pd_2_0_1.wav,SpontaneousDialogue,1,1,1,4.1330810301998255e-12,39.97282028198242,1.0,40.97282028198242,0.023824941366910934,0.97617506980896,0.04764988273382187
ID04_pd_2_0_1.wav_chk1,ID04,ID04_pd_2_0_1.wav,SpontaneousDialogue,1,1,1,6.089476579235198e-12,39.452537536621094,1.0,40.452537536621094,0.02412397600710392,0.9758760333061218,0.04824795201420784
ID04_pd_2_0_1.wav_chk0,ID04,ID04_pd_2_0_1.wav,SpontaneousDialogue,1,0,0,33.04508590698242,1.7588433151322774e-13,34.04508590698242,1.0,0.9714653491973877,0.028534671291708946,0.05706934258341789
ID04_pd_2_0_1.wav_chk1,ID04,ID04_pd_2_0_1.wav,SpontaneousDialogue,1,1,1,3.0806386087933735e-12,41.86247253417969,1.0,42.86247253417969,0.022798532620072365,0.9772014617919922,0.04559706524014473
ID04_pd_2_0_1.wav_chk0,ID04,ID04_pd_2_0_1.wav,SpontaneousDialogue,1,1,1,2.832479693501422e-12,41.99629211425781,1.0,42.99629211425781,0.022729188203811646,0.9772708415985107,0.04545837640762329
ID04_pd_2_0_1.wav_chk1,ID04,ID04_pd_2_0_1.wav,SpontaneousDialogue,1,0,0,27.948034286499023,1.8354172348633568e-10,28.948034286499023,1.0,0.9666088223457336,0.03339117392897606,0.06678234785795212
ID04_pd_2_0_1.wav_chk0,ID04,ID04_pd_2_0_1.wav,SpontaneousDialogue,1,0,0,32.270137786865234,9.26326181559245e-13,33.270137786865234,1.0,0.9708200693130493,0.029179923236370087,0.05835984647274017
ID04_pd_2_0_1.wav_chk1,ID04,ID04_pd_2_0_1.wav,SpontaneousDialogue,1,0,0,4.32280158996582,0.028226295486092567,5.32280158996582,1.0282262563705444,0.838100790977478,0.16189917922019958,0.3149096369743347
ID13_pd_3_2_2.wav_chk0,ID13,ID13_pd_3_2_2.wav,SpontaneousDialogue,1,0,0,17.015377044677734,8.577058174807917e-09,18.015377044677734,1.0,0.9474110007286072,0.052589017897844315,0.10517803579568863
ID13_pd_3_2_2.wav_chk1,ID13,ID13_pd_3_2_2.wav,SpontaneousDialogue,1,0,0,18.18605613708496,2.626483697198978e-09,19.18605613708496,1.0,0.9504608511924744,0.049539145082235336,0.09907829016447067
ID13_pd_3_2_2.wav_chk0,ID13,ID13_pd_3_2_2.wav,SpontaneousDialogue,1,0,0,19.830156326293945,2.865165882326437e-10,20.830156326293945,1.0,0.9541918039321899,0.04580819234251976,0.09161638468503952
ID13_pd_3_2_2.wav_chk1,ID13,ID13_pd_3_2_2.wav,SpontaneousDialogue,1,0,0,33.44589614868164,1.0997404836831162e-14,34.44589614868164,1.0,0.9717879891395569,0.028212010860443115,0.05642402172088623
ID13_pd_3_2_2.wav_chk0,ID13,ID13_pd_3_2_2.wav,SpontaneousDialogue,1,0,0,32.173099517822266,6.937355692075015e-14,33.173099517822266,1.0,0.9707372188568115,0.029262783005833626,0.05852556601166725
ID13_pd_3_2_2.wav_chk1,ID13,ID13_pd_3_2_2.wav,SpontaneousDialogue,1,0,0,26.76727867126465,4.1484388146884044e-10,27.76727867126465,1.0,0.9652382731437683,0.034761715680360794,0.06952343136072159
ID13_pd_3_2_2.wav_chk0,ID13,ID13_pd_3_2_2.wav,SpontaneousDialogue,1,0,0,11.650581359863281,2.777275312837446e-06,12.650581359863281,1.0000027418136597,0.9267428517341614,0.07325714081525803,0.14651387929916382
ID13_pd_3_2_2.wav_chk1,ID13,ID13_pd_3_2_2.wav,SpontaneousDialogue,1,0,0,4.132340431213379,0.04503887519240379,5.132340431213379,1.0450388193130493,0.8308281302452087,0.16917186975479126,0.323761910200119
ID13_pd_3_2_2.wav_chk0,ID13,ID13_pd_3_2_2.wav,SpontaneousDialogue,1,0,0,14.445504188537598,7.815346521056199e-07,15.445504188537598,1.0000008344650269,0.939193069934845,0.060806941241025925,0.12161377817392349
ID13_pd_3_2_2.wav_chk1,ID13,ID13_pd_3_2_2.wav,SpontaneousDialogue,1,1,1,3.148056901963736e-12,40.19123458862305,1.0,41.19123458862305,0.023701606318354607,0.9762983918190002,0.04740321263670921
ID13_pd_3_2_2.wav_chk0,ID13,ID13_pd_3_2_2.wav,SpontaneousDialogue,1,1,1,6.168444227627745e-11,33.856571197509766,1.0,34.856571197509766,0.027888890355825424,0.9721111059188843,0.05577778071165085
ID13_pd_3_2_2.wav_chk1,ID13,ID13_pd_3_2_2.wav,SpontaneousDialogue,1,0,0,35.132633209228516,7.089875409172939e-15,36.132633209228516,1.0,0.9730694890022278,0.026930490508675575,0.05386098101735115
ID13_pd_3_2_2.wav_chk0,ID13,ID13_pd_3_2_2.wav,SpontaneousDialogue,1,0,0,32.596561431884766,1.5737318200437396e-14,33.596561431884766,1.0,0.9710953831672668,0.028904607519507408,0.057809215039014816
ID13_pd_3_2_2.wav_chk1,ID13,ID13_pd_3_2_2.wav,SpontaneousDialogue,1,0,0,31.95863914489746,4.52543073002111e-14,32.958641052246094,1.0,0.970552384853363,0.029447585344314575,0.05889517068862915
ID13_pd_3_2_2.wav_chk0,ID13,ID13_pd_3_2_2.wav,SpontaneousDialogue,1,0,0,34.077186584472656,3.087064769937385e-14,35.077186584472656,1.0,0.9722816348075867,0.027718348428606987,0.055436696857213974
ID13_pd_3_2_2.wav_chk1,ID13,ID13_pd_3_2_2.wav,SpontaneousDialogue,1,0,0,18.501558303833008,4.5817807881043393e-10,19.501558303833008,1.0,0.9512231945991516,0.0487767793238163,0.0975535586476326
ID13_pd_3_2_2.wav_chk0,ID13,ID13_pd_3_2_2.wav,SpontaneousDialogue,1,0,0,31.903566360473633,1.0511611112790087e-13,32.903564453125,1.0,0.9705045819282532,0.029495423659682274,0.05899084731936455
ID13_pd_3_2_2.wav_chk1,ID13,ID13_pd_3_2_2.wav,SpontaneousDialogue,1,0,0,34.94536590576172,4.8858245296496804e-15,35.94536590576172,1.0,0.9729329943656921,0.027066994458436966,0.05413398891687393
ID13_pd_3_2_2.wav_chk0,ID13,ID13_pd_3_2_2.wav,SpontaneousDialogue,1,1,1,2.272595306385128e-12,41.668495178222656,1.0,42.668495178222656,0.022899804636836052,0.9771001935005188,0.045799609273672104
ID13_pd_3_2_2.wav_chk1,ID13,ID13_pd_3_2_2.wav,SpontaneousDialogue,1,1,1,2.4226929056653246e-12,41.939083099365234,1.0,42.939083099365234,0.022758781909942627,0.9772412180900574,0.045517563819885254
ID13_pd_3_2_2.wav_chk0,ID13,ID13_pd_3_2_2.wav,SpontaneousDialogue,1,1,1,2.347563332963376e-12,42.21354675292969,1.0,43.21354675292969,0.022617502138018608,0.977382481098175,0.045235004276037216
ID13_pd_3_2_2.wav_chk1,ID13,ID13_pd_3_2_2.wav,SpontaneousDialogue,1,1,1,3.811343601833883e-12,40.58439254760742,1.0,41.58439254760742,0.023482782766222954,0.9765172004699707,0.04696556553244591
ID13_pd_3_2_2.wav_chk0,ID13,ID13_pd_3_2_2.wav,SpontaneousDialogue,1,0,0,1.1306207180023193,0.2163180112838745,2.1306207180023193,1.2163180112838745,0.636587917804718,0.36341211199760437,0.5975610017776489
ID13_pd_3_2_2.wav_chk1,ID13,ID13_pd_3_2_2.wav,SpontaneousDialogue,1,0,0,16.440040588378906,7.579441074767601e-09,17.440040588378906,1.0,0.9457702040672302,0.05422981455922127,0.10845962911844254
ID13_pd_3_2_2.wav_chk0,ID13,ID13_pd_3_2_2.wav,SpontaneousDialogue,1,0,0,17.77720069885254,1.2872908294880858e-09,18.77720069885254,1.0,0.9494367241859436,0.0505632720887661,0.1011265441775322
ID29_pd_3_1_2.wav_chk1,ID29,ID29_pd_3_1_2.wav,SpontaneousDialogue,1,0,0,8.581805229187012,4.4343382796796504e-06,9.581805229187012,1.0000044107437134,0.9054977297782898,0.09450221061706543,0.189003586769104
ID29_pd_3_1_2.wav_chk0,ID29,ID29_pd_3_1_2.wav,SpontaneousDialogue,1,1,1,0.0026543557178229094,8.58214282989502,1.0026543140411377,9.58214282989502,0.09472589194774628,0.9052741527557373,0.18895024061203003
ID29_pd_3_1_2.wav_chk1,ID29,ID29_pd_3_1_2.wav,SpontaneousDialogue,1,1,1,0.00039009502506814897,11.332026481628418,1.0003900527954102,12.332026481628418,0.07503440976142883,0.9249655604362488,0.15001031756401062
ID29_pd_3_1_2.wav_chk0,ID29,ID29_pd_3_1_2.wav,SpontaneousDialogue,1,1,1,2.135944199288531e-12,42.30750274658203,1.0,43.30750274658203,0.02256954088807106,0.9774304628372192,0.04513908177614212
ID29_pd_3_1_2.wav_chk1,ID29,ID29_pd_3_1_2.wav,SpontaneousDialogue,1,1,1,2.1128079754489937e-12,42.35472106933594,1.0,43.35472106933594,0.02254551462829113,0.9774544835090637,0.04509102925658226
ID29_pd_3_1_2.wav_chk0,ID29,ID29_pd_3_1_2.wav,SpontaneousDialogue,1,1,1,2.0336393159736676e-12,42.34797668457031,1.0,43.34797668457031,0.022548943758010864,0.9774510860443115,0.04509788751602173
ID29_pd_3_1_2.wav_chk1,ID29,ID29_pd_3_1_2.wav,SpontaneousDialogue,1,1,1,2.1532632447918143e-12,42.46324157714844,1.0,43.46324157714844,0.02249048836529255,0.9775094985961914,0.0449809767305851
ID29_pd_3_1_2.wav_chk0,ID29,ID29_pd_3_1_2.wav,SpontaneousDialogue,1,1,1,2.9624688119289644e-12,42.2672119140625,1.0,43.2672119140625,0.02259008400142193,0.9774098992347717,0.04518016800284386
ID29_pd_3_1_2.wav_chk1,ID29,ID29_pd_3_1_2.wav,SpontaneousDialogue,1,1,1,2.9010108117816236e-12,42.28916931152344,1.0,43.28916931152344,0.022578883916139603,0.9774211049079895,0.045157767832279205
ID29_pd_3_1_2.wav_chk0,ID29,ID29_pd_3_1_2.wav,SpontaneousDialogue,1,1,1,3.615410705190558e-12,41.62217712402344,1.0,42.62217712402344,0.022924119606614113,0.9770758748054504,0.045848239213228226
ID29_pd_3_1_2.wav_chk1,ID29,ID29_pd_3_1_2.wav,SpontaneousDialogue,1,1,1,4.227746625007356e-12,41.322628021240234,1.0,42.322628021240234,0.02308262512087822,0.9769173860549927,0.04616525024175644
ID29_pd_3_1_2.wav_chk0,ID29,ID29_pd_3_1_2.wav,SpontaneousDialogue,1,1,1,2.7805889101645276e-12,42.11848449707031,1.0,43.11848449707031,0.022666236385703087,0.9773337841033936,0.045332472771406174
ID29_pd_3_1_2.wav_chk1,ID29,ID29_pd_3_1_2.wav,SpontaneousDialogue,1,1,1,2.2624231047624344e-12,42.2261962890625,1.0,43.2261962890625,0.02261103317141533,0.9773889780044556,0.04522206634283066
ID29_pd_3_1_2.wav_chk0,ID29,ID29_pd_3_1_2.wav,SpontaneousDialogue,1,0,0,12.234358787536621,1.6769577371178457e-07,13.234358787536621,1.0000001192092896,0.929747462272644,0.07025256007909775,0.1405051052570343
ID29_pd_3_1_2.wav_chk1,ID29,ID29_pd_3_1_2.wav,SpontaneousDialogue,1,1,1,2.132951801292471e-12,42.373497009277344,1.0,43.373497009277344,0.02253597415983677,0.9774640202522278,0.04507194831967354
ID29_pd_3_1_2.wav_chk0,ID29,ID29_pd_3_1_2.wav,SpontaneousDialogue,1,1,1,2.3126008486668015e-12,42.47067642211914,1.0,43.47067642211914,0.022486727684736252,0.9775132536888123,0.044973455369472504
ID29_pd_3_1_2.wav_chk1,ID29,ID29_pd_3_1_2.wav,SpontaneousDialogue,1,0,0,3.229823589324951,0.05291646718978882,4.229823589324951,1.0529165267944336,0.8006874322891235,0.19931256771087646,0.3785914182662964
ID29_pd_3_1_2.wav_chk0,ID29,ID29_pd_3_1_2.wav,SpontaneousDialogue,1,1,1,0.00022699899272993207,14.335356712341309,1.0002269744873047,15.335356712341309,0.06122995540499687,0.9387701153755188,0.12243212014436722
